review_no,goods_no,grade,content,size_option,like_count,has_image,user_height,user_weight,created_at
83708848,3862529,5,"가성비가 너무 좋아요 뒷축 잘 잡아주면서 쿠션감도 빵빵하고
엄청 편해요~ 발볼도 넓은편! 정사이즈하면 될 것 같아요",270,1,True,0,0,2026-04-15T20:37:51.000+09:00
83953242,3862529,5,"맥시마이저 우연히 알게된후 그레이 색상 이뻐서 구매합니다.
정핏으로 가면 되고 발볼 있으신분은 반업 정도 하심 좋을것 같아요.
신발 가볍고 디자인도 데일리로 착용하기 좋아요! 다만 왼쪽 측면 바느질 품질이 좀 안좋았는데 소모품이라 생각하고 착용하려구요.",270,0,True,0,0,2026-04-28T08:00:40.000+09:00
84027509,3862529,4,"신발이 너무가볍네요.
데일리로 안성맞춤인 신발입니다
올여름 잘신을게요",280,0,True,0,0,2026-04-28T19:01:09.000+09:00
84024577,3862529,5,"가격대비 너무 좋네요 쿠션감도 괜찮고 오래신어도 괜찮은같아요
강아지 산책용으로 좋은듯",270,0,True,0,0,2026-04-28T17:16:57.000+09:00
84008382,3862529,5,"사진보다 실물이 훨씬 이쁘고 착화감도 좋아요
발볼도 넓게 나와서 좋습니다!",280,0,True,0,0,2026-04-27T21:37:54.000+09:00
84001180,3862529,4,"착용감은 부드러워서 편해요 
사이즈 폭이 다소 작은감이 느껴집니다.
가볍고 디자인이 깔끔하게 떨어져서 다리가 아주 좋아요",280,0,True,0,0,2026-04-27T16:01:01.000+09:00
83979983,3862529,5,가볍고 착화감이 너무 좋습니다 그리고 색깔도 잘 빠져서 이 가격에 이런 디자인이면 촤고죠,265,0,True,0,0,2026-04-26T18:38:05.000+09:00
83970563,3862529,5,"가격대비 쿠션감도 좋고 발 안아프고 편안하네요
오래 걸어도 괜찮아요",270,0,True,0,0,2026-04-26T10:56:38.000+09:00
83958539,3862529,4,신발이 되게 가벼워요 발볼도 넓어서 편하게 신고 활동할 수 있을 것 같아요.,265,0,True,0,0,2026-04-25T19:28:14.000+09:00
83953232,3862529,5,"맥시마이저 우연히 알게된후 그레이 색상 이뻐서 구매합니다.
정핏으로 가면 되고 발볼 있으신분은 반업 정도 하심 좋을것 같아요.
신발 가볍고 디자인도 데일리로 착용하기 좋아요! 다만 왼쪽 측면 바느질 품질이 좀 안좋았는데 소모품이라 생각하고 착용하려구요.",270,0,True,0,0,2026-04-25T15:28:34.000+09:00
83921945,3862529,5,"실내 운동화로 구매했음. 발볼 정사이즈, 발크기 정사이즈. 평발이라 깔창 깔아야돼서 반사이즈 업해서 사감. 미끄럼방지 잘 모르겠음 실내운동화로 쓰는거라서",270,0,True,0,0,2026-04-24T02:37:02.000+09:00
83909043,3862529,4,"대체적으로 편하고 좋은거 같아요!!
가벼운 조깅용으로도 신는다는 댓글도 봤는데 그냥 데일리 신발로 어울리는듯 해요^^",270,0,True,0,0,2026-04-23T17:05:07.000+09:00
83891578,3862529,5,등산할때도 무리가 없을만큼 무게와 편안함 관점에서 만족입니다.,260,0,True,0,0,2026-04-22T22:22:52.000+09:00
81572648,3862529,4,"일단 행사가로 매우저렴한 가격에 득템해서 좋네요
가볍고 견고하고 깔끔합니다
다만 깔창이 좀 따로노네요?
후기작성기준 까다롭네요
사진수정해서 다시올려요",240,0,True,0,0,2026-04-21T23:38:48.000+09:00
83771056,3862529,5,가볍고 편해서 달리기나 운동할 때 신기 좋습니다.,280,0,True,0,0,2026-04-18T11:59:03.000+09:00
83725764,3862529,5,신발이 매우가볍고 통풍이잘되서 여름에 좋습니다,265,0,True,0,0,2026-04-16T14:31:17.000+09:00
83708963,3862529,5,가성비가 너무 좋아요 뒷축 잘 잡아주면서 쿠션감도 빵빵하고 엄청 편해요~ 발볼도 넓은편! 정사이즈하면 될 것 같아요,270,0,True,0,0,2026-04-15T20:41:42.000+09:00
83695846,3862529,5,"러닝화는 어렸을 때 이후로 처음 신어보는데
신발이 이렇게 편할 수가 있는 거였군요
역시 발 편한 신발이 최고 같습니다
디자인도 이쁘고 사이즈는 딱 정사이즈에요
잘 신을게요~",260,0,True,0,0,2026-04-15T11:50:40.000+09:00
83665179,3862529,5,신발이 가벼워서 좋습니다! 다만 처음 신었을때 적응이 약간 안됐어요,260,0,True,0,0,2026-04-14T09:49:23.000+09:00
83637737,3862529,5,남자친구한테 선물로 사줬는데 편하고 푹신푹신하고 통풍 잘 된다고 엄청 좋아했어요,280,0,True,0,0,2026-04-13T00:06:42.000+09:00
84045863,5174704,4,일단 조깅도 가능할정도로 가볍고 사이즈는 잘 맞아요. 쿠션감이 적당해서 발이 덜 피곤합니다,REAL BLACK · 260MM,0,True,0,0,2026-04-29T11:34:09.000+09:00
84040648,5174704,5,디자인도 예쁘고 신었을 때 편안하고 좋네요 발볼도 적당해요,REAL BLACK · 270MM,0,True,0,0,2026-04-29T02:25:58.000+09:00
84014590,5174704,5,정만 가성비 좋은신발입니다~ 너무 가볍고 디자인도 이쁘네요^^,REAL BLACK · 260MM,0,True,0,0,2026-04-28T07:09:27.000+09:00
83577956,5174704,5,"할인도 많이 해서 사게됐는데, 신발도 되게 가볍고 여름에도 신기 좋을 거 같애요",REAL BLACK · 260MM,0,True,0,0,2026-04-10T11:40:21.000+09:00
83295137,5174704,5,"가격대비 품질에 만족합니다. 아빠가 좋아하셨어요.
아웃도어 브랜드 답게 가볍고 딴딴한 제품입니다.",REAL BLACK · 260MM,0,True,0,0,2026-03-29T13:16:29.000+09:00
83017214,5174704,5,신발 너므 예쁘고 편해요 딱 제가 찾던 올블랙 운동화!! 디자인도 예쁜데 편하다?? 최고,REAL BLACK · 240MM,3,True,0,0,2026-03-17T17:54:23.000+09:00
82972269,5174704,5,매일 신고 다니기 편한 신발로 아주 좋어요 가볍고 편해서 ㅎㅎ,REAL BLACK · 270MM,1,True,0,0,2026-03-15T18:02:40.000+09:00
82787258,5174704,4,블랙 색상이라 깔끔하게 어디든 매치가 가능할 것 같아서 좋아요! 그리고 매쉬 소재라 땀 나도 괜찮을 듯!!,REAL BLACK · 240MM,1,True,0,0,2026-03-07T16:45:56.000+09:00
82072677,5174704,5,"너무편하고가볍고좋아요할인해서잘샀어요
사이즈가또있음남편꺼도사고싶네요",REAL BLACK · 230MM,1,True,0,0,2026-02-05T13:21:54.000+09:00
83178589,5174704,5,"딸래미 운동화 불편하다해서 새거 구입했는데 신발편하고 좋다고하네요
가격도 좋으네요",REAL BLACK · 240MM,0,True,0,0,2026-03-24T08:23:47.000+09:00
83173309,5174704,4,"노스페이스 운동화는 처음인데 일단 상당히 가볍습니다!!
미끄럽지만 않으면 한 겨울을 제외하고 잘 신을 수 있을 거같습니다!",REAL BLACK · 280MM,0,True,0,0,2026-03-23T22:00:20.000+09:00
83159214,5174704,4,"노스페이스 브랜드 운동화 처음 주문해 보았는데 일단 너무 가볍습니다! 그리고 디자인도 예쁘고요!
신고 다녀봐야 알겠지만 너무 가벼워서 미끄러지진 않을지 걱정은 되지만 그래도 가격대비 만족합니다!",REAL BLACK · 280MM,0,True,0,0,2026-03-23T09:19:08.000+09:00
82771977,5174704,5,운동할 때 가볍게 신을 운동화 같아서 좋아요 메쉬소재라 통풍이 잘돼요,REAL BLACK · 240MM,0,True,0,0,2026-03-06T21:52:02.000+09:00
82715688,5174704,5,통풍도 잘되고 무게 또한 가벼워서 만족스럽습니다,REAL BLACK · 280MM,0,True,0,0,2026-03-04T19:01:36.000+09:00
82629237,5174704,5,일단 신발이 매우 가볍고 편합니다. 운동할때 신으면 진짜딱일것같아요,REAL BLACK · 260MM,0,True,0,0,2026-02-28T15:53:11.000+09:00
82376187,5174704,5,회사에서 신으려고 샀는데 매우가볍고 매쉬 소재라 통풍도 좋습니다.,REAL BLACK · 270MM,0,True,0,0,2026-02-20T09:08:45.000+09:00
79642083,5174704,5,"평소 265 신는데 270 주문하니 딱 맞네요
발볼 넓이 적당하고 무게가 가볍습니다",REAL BLACK · 270MM,0,True,0,0,2025-11-11T12:05:46.000+09:00
79642046,5174704,5,"신어보니 발이 편하고 가볍습니다
발볼도 적당하네요",REAL BLACK · 270MM,0,True,0,0,2025-11-06T16:36:02.000+09:00
79184080,5174704,3,비닐에 배송되서 쪼끔 그랬지만..! 신발 자체는 그럭저럭 괜찮네용 발볼도 넉넉하고!! 헬스장 신발로 무난할 것 같습니당,REAL BLACK · 250MM,2,True,0,0,2025-10-20T22:15:35.000+09:00
79083315,5174704,3,디자인이 예뻐서 내가신고 싶었으나..혈육이 본인이 사고 싶대서 사줬는데..디자인은 통과이나 밑창이 신다보면 미끄러워질것 같다고 불평을 해대서..그건 좀 아쉽습니다.,REAL BLACK · 260MM,2,True,0,0,2025-10-17T00:41:00.000+09:00
83899864,5916487,5,"가볍운 운동하려고 구매했습니다.
발도 편하고 가볍고 운동 잘할수있겠습니다.",280,0,True,0,0,2026-04-23T09:55:59.000+09:00
83860715,5916487,5,러닝 입문용으로 딱 가격좋아요 할인할때사서 그런지 부담없이 좋아요,270,0,True,0,0,2026-04-21T21:55:01.000+09:00
83823471,5916487,5,쿠션감 좋고 발볼도 넉넉해서 러닝화 입문템으로 좋아요,255,0,True,0,0,2026-04-20T12:50:28.000+09:00
83756917,5916487,5,생각만큼 푹신푹신하지는 않았지만 적당히 단단해서 발목 잘 잡아줄듯,255,0,True,0,0,2026-04-17T18:51:39.000+09:00
83462953,5916487,5,고등학생 체육 시간에 운동화로 신고 있는데 가볍고 편하고 쿠션감이 있어서 너무 좋아해요,250,0,True,0,0,2026-04-05T16:24:43.000+09:00
83112657,5916487,4,발폭이 넓어서 좋응   다른브랜드인경우 발ㅇ볼이 작아서 불편하였는데  이건 편해서 좋음,280,0,True,0,0,2026-03-21T10:05:28.000+09:00
82880708,5916487,5,"이뻐서 구매합니다 운동할때
 신겠습니다!!
좋은신발 감사합니다! ㅎㅎ",280,0,True,0,0,2026-03-11T18:35:25.000+09:00
83984411,5916487,5,"안정화 러닝화 신어봤는데 확실히 편하다. 발이 안쪽으로 무너지는 느낌을 딱 잡아줘서 오래 뛰어도 덜 피곤함.
착지할 때 흔들림이 거의 없어서 무릎이나 발목 부담이 줄어드는 느낌이고, 장거리 뛸 때 특히 안정감이 좋다. 페이스 유지하기도 훨씬 수월함.
쿠션도 적당히 받쳐주면서 단단하게 잡아줘서, 그냥 막 뛰는 느낌이 아니라 힘 전달이 잘 되는 느낌이다. 초보든 꾸준히 뛰는 사람이든 부담 없이 신기 좋은 신발임.",280,0,False,0,0,2026-04-26T21:29:51.000+09:00
83795193,5916487,1,"2개에 30프로 할인이라 샀던건데, 1개는 재고가 있었음에도 취소 시키고 강제로 구입한 꼴이라 매우 불쾌하구요. 2개를 같이 샀는데 따로따로 처리되는 시스템이 정말 불합리하고 이상해요.",280,0,False,0,0,2026-04-19T11:49:38.000+09:00
83762074,5916487,5,신발이 가볍고 발에 잘 맞아서 달릴 때 편하고 좋아요,245,0,False,0,0,2026-04-17T22:19:21.000+09:00
83691977,5916487,5,"처음 러닝 시작해보고자 구매했는데
일반운동화 신다가 러닝화 신으니 신세계였습니다.
가성비 입문용으로 많이 추천!",275,0,False,0,0,2026-04-15T08:28:48.000+09:00
82653869,5916487,4,런닝화로 신어도 이쁘고 그냥 데일리로 청바지에다 입어도 이뻐요 활용도 굿,260,0,False,0,0,2026-03-01T17:37:52.000+09:00
83894321,5916487,5,"아이발이편하다고하네요
아디다스만신습니다",265,0,False,0,0,2026-04-22T23:55:42.000+09:00
83152729,5916487,3,정사이즈보다 한 사이즈 크게 사는걸 추천합니다,260,0,False,0,0,2026-03-22T22:47:55.000+09:00
82241867,5916487,5,런닝머신으로 운동할때 신으려고 하나 장만했습니다 좋숩니다,255,0,False,0,0,2026-02-13T16:55:44.000+09:00
84014255,6245530,5,오래 신어도 아주 편해용 일반 러닝화 느낌은 아니지만 질 신을 듯용,240,0,True,0,0,2026-04-28T05:17:30.000+09:00
84014251,6245530,5,디테일이랑 컬러가 너무 이뻐서 바로 구매햇어용 좋아여,240,0,True,0,0,2026-04-28T05:16:30.000+09:00
83962469,6245530,5,"일단 사이즈는 뉴발하고 같은것같아요.
착용감 매우뛰어났어요. 굉장히 가볍고, 저는 패션으로 신으려고샀는데 왠지 산에 가고싶은 욕구가 드는 마음이 드는 신발입니다.
색깔또한 어디에 매치해도 다 맞을것같아요.",270,0,True,0,0,2026-04-25T22:19:29.000+09:00
83983050,6245530,5,트레킹이나 트레일러닝 용도로 구매했는데 기획의도답게 아무 옷이든 다 잘어울려서 출퇴근 용도로도 신을수있습니다! 범용성 굿,235,0,True,0,0,2026-04-26T20:41:44.000+09:00
83940802,6245530,3,"왼쪽 부분에 접착흔적과 뜯긴흔적이 있네요 근데 그냥 신으려구요 검수하고 보내신건지 박스테이프가 덕지덕지던데 랜덤뽑기실패해서 좀 속상한데 환불받거니 교환하거나 그럴 시간을 그냥 기회비용으로 쓰겠습니다.
아 참고로 저는 발볼이 좁은편이고 250정사이즈를 신는데 남녀공용신발이라 그런지 살짝 크고 볼도 넉넉하네요 딱 원하던 사이즈입니다.",250,0,True,0,0,2026-04-24T22:51:56.000+09:00
83936192,6245530,5,미즈노 오랜만인데 커버낫과 협업제품이라 구매 해봅니다,270,0,False,0,0,2026-04-24T19:18:35.000+09:00
83978304,3428602,5,싼 값에 아주 잘샀고용 하지만 런닝용은 아니에요 쿠션감이 없구.... 그냥 헬스장에서 편하게 신고이써용,270,0,True,0,0,2026-04-26T17:25:46.000+09:00
83627018,3428602,5,확실히 런닝화가 운동하기 편하네요 가볍고 좋아요,270,0,True,0,0,2026-04-12T16:57:22.000+09:00
83620009,3428602,5,"미즈노 신발은 처음 신어보는데요.
발등 중간부분을 딱 잡아주면서 발볼은 살짝 넓어서 활동하기 편합니다.
디자인도 맘에 듭니다.",245,0,True,0,0,2026-04-12T10:33:30.000+09:00
81016032,3428602,5,"누구는 발볼이 좁아 반치수 업해라 누구는 정사이즈다 이러는데 제가 종결짓겠습니다. 적당히 발볼이 넓은사람까지는 정사이즈 가십쇼! 제가 네모발이기도하고 발볼이 적당히 넓은 편이여서 그말듣고 반치수 업했는데 조금 큽니다. 전혀 헐떡거리진 않고 딱 맞긴한데 앞코가 남아서 런닝중에 발이 앞으로 가네요. 그래도 발볼이 넓게 나온편입니다. 호카 와이드 같은 경우에는 그냥 딱 발볼러들에게 편안하게 잡아준다면 이 신발은 조금 날카롭게 잡아주고 발목까지 잘 잡아주눈 느낌이 납니다. 통기성은 좋은 편이규 살짝 딱딱한 느낌인데, 진짜 너무 너무 발볼러 아니라면 정사이즈 가시는걸 추천드려요! 길이도 폭도 넓고 길게 나온편입니다. 제가 앞으로 발 밀리는게 반치수 밀리는 느낌이 아니라서요. 칼발이나 일반발이신분은 반치수 내려도 괜찮을듯해요. 저렴하게 잘 구매했습니다.",265,11,True,0,0,2025-12-15T14:23:00.000+09:00
82676015,3428602,5,"오!!!진짜 가볍고 좋아요
얼핏 뉴발같아요  어짬 가성비도 좋고
가심비도 좋나요? 적극추천",270,1,True,0,0,2026-03-02T17:56:36.000+09:00
82403480,3428602,5,"좀 싼티나긴해도 가볍고 쿠션 적당해서 좋았어요
걸어도 숨차던 저에게 희망을 준 신발이에요 ㅎㅎ 러닝 입문에 추천합니다
발볼 조금있는데 정사이즈 꽉끈해요 👏",265,1,True,0,0,2026-02-20T23:11:36.000+09:00
82814722,3428602,5,"가볍고 편하고 얼핏보면 뉴☆같아요
런닝화로도 제격이고
데일리로도 괜찮네요
정사이즈입니다",270,0,True,0,0,2026-03-08T20:23:34.000+09:00
79520937,3428602,5,"운동화  엄청 가볍고 발바닥도 편해서 런닝하기에 적합한
운동화에요.  사이즈는 조금 크게 나와서  한사이즈 작게
하는게 좋을듯 합니다.  색상도 너무 예뻐서 맘에 들어요",280,3,True,0,0,2025-11-01T23:52:37.000+09:00
83270099,3428602,5,"정사이즈 신었고 엄청 가볍고 편합니다
잘 신을게요",270,0,True,0,0,2026-03-28T07:03:27.000+09:00
79408113,3428602,5,"다른 브랜드 신발을 신다가 발이 너무 아파서 샀어요ㅠ
근데 발이 꽤 작아보이고 착화감도 편해요!!",250,0,True,0,0,2026-03-27T10:53:03.000+09:00
83238224,3428602,5,런닝화로 유명한 미즈노 처음 사봤는데 넘 편하고 좋네요ㅎㅎ,260,0,True,0,0,2026-03-26T17:31:16.000+09:00
83014416,3428602,5,헬스할때 쓰려고 샀는데 매우 만족하고 있어요 가성비 짱입니다,260,0,True,0,0,2026-03-17T15:47:46.000+09:00
82942019,3428602,5,러닝할때 쓰려고 구매했는데 적당히 편하고 가벼워서 안성맞춤이네요,255,0,True,0,0,2026-03-14T11:36:41.000+09:00
82784669,3428602,5,"실물보다 색상도 디자인도 이뻐요
가볍고 어떤옷에도 잘어울려요
추천합니다",265,0,True,0,0,2026-03-07T15:08:02.000+09:00
82784632,3428602,5,"사진보다 실물이 더 이쁘고 가벼워요
어떤옷에도 잘어울려서 좋아요",265,0,True,0,0,2026-03-07T15:06:35.000+09:00
82780742,3428602,5,"실제로는조금더어두운진짜 굴색깔입니다
무난하게 어디든 신기 좋고 정 사이즈인데 아주 조금 작다고 느껴지기도 하네요 바닥은 약간 딱딱하긴 한데 이상하게 손이 자주 가는 신발",270,0,True,0,0,2026-03-07T11:42:41.000+09:00
82767559,3428602,5,할인하길래 싸게 신을 생각으로 구매했어요. 사이즈는 정사이즈 가면 딱 맞을 거 같고 발볼도 넓어요 쿠셔닝이 엄청 뛰어난 편은 아닌데 착화감이 진짜 좋아요,270,0,True,0,0,2026-03-06T18:30:55.000+09:00
82767498,3428602,5,"할인하길래 싸게 신을 생각으로 구매했어요.
사이즈는 정사이즈 가면 딱 맞을 거 같고 발볼도 넓어요
쿠셔닝이 엄청 뛰어난 편은 아닌데 착화감이 진짜 좋아요",270,0,True,0,0,2026-03-06T18:27:22.000+09:00
82746901,3428602,5,신발이 가격에 비해 디자인도 좋고 발볼도 넓고 좋넹ㅎ,270,0,True,0,0,2026-03-05T21:04:52.000+09:00
82733541,3428602,5,"미즈노 와이드라서 넓은 발볼을 편하게 해주네요.
엷은 회색이 도니까 신발이 예뻐보입니다.",280,0,True,0,0,2026-03-05T11:44:17.000+09:00
83291320,5360128,5,"신랑이 
검은색 무난한 거 찾길래
세일할 때 사줬는데
평소 편하게 무난하게 아무 옷에나 입기 편하고 발도 편하다고 좋대요",270,1,True,0,0,2026-03-29T08:40:51.000+09:00
83993571,5360128,5,"발이 편해서 일상생활용, 운동용으로 두개 구매했어요. 발볼이 넓고 발등이 두꺼운편이라면 한사이즈 크게 신는것도 좋아요.",285,0,True,0,0,2026-04-27T09:13:41.000+09:00
83993455,5360128,5,발볼이 넓은 편인데 편하네요. 가볍고 일상생활에 신고다니기 좋아요.,280,0,True,0,0,2026-04-27T09:03:42.000+09:00
83903894,5360128,5,오사카 여행가서 러닝할려고 샀는데 가볍고 편하네요.,280,0,True,0,0,2026-04-23T13:25:13.000+09:00
83496368,5360128,5,"와이드라고 생각보다 작아요(앞뒤가)
바닥이 고무라 미끄러지지않고 좋아요",270,0,True,0,0,2026-04-09T23:13:39.000+09:00
83380961,5360128,5,산책용으로 구입했습니다 가볍고 시원해서 좋아요,270,0,True,0,0,2026-04-02T00:04:17.000+09:00
83360876,5360128,4,"미즈노 신발은 활동성 + 디자인에서 모두 참 좋은것 같습니다,

이 모델은 특히 가격도 저렴하여 가성비로는 정말 좋은것같습니다

사실 처음에 구입 시에는 바닥 아웃솔 사진을 보고 접지력이 우수하진 않을 수 있겠다는 생각을 했는데

제품을 받아보니 접지력이 매우 우수하고 발볼도 일반 신발보다는 넓어서 편하게 신을 수 있을 것 같습니다

한사이즈 다운 하여도 괜찮을것 같습니다

가성비 런닝화 찾으시는 분들께 좋은 선택지가 될것 같습니다.",250,0,True,0,0,2026-04-01T11:53:25.000+09:00
82700610,5360128,5,"디자인은 아주 심플해요 그래서 어떤옷에 신어도 잘 어울려요
사이즈는 반치수 업했는데 살짝 큰거같기도 하지만 개인적으로는  편하게 잘맞아요
착용감은 바닥 쿠션이 조금있고 발볼이 넓어서   편해요
신발무게도 가벼워  걷기운동할때 좋을거 같아요
가격도 할인해서  좋은가격에  좋은제품  사서 아주만족스럽네요",285,1,True,0,0,2026-03-03T22:25:58.000+09:00
82227170,5360128,5,헬스장에서 유산소 위주로 생각하고 구매했어요! 아직 운동은 안 해봤는데 신었을 때 막 푹신하지도 않고 적당히 쿠션감있어서 입문으로 딱 좋을 것 같아요. 가격도 저렴하고 잘 신겠습니다.,245,2,True,0,0,2026-02-12T23:22:14.000+09:00
83245877,5360128,5,색상이 일단 올블랙이라서 너무 좋고 발볼 넓은 스타일이라서 좋습니다. 디자인도 무난하구요.,280,1,True,0,0,2026-03-26T22:34:34.000+09:00
83054710,5360128,5,"인도어 스포츠화로 신기에는 넘 미끄러워용 쿠션감도 부족하고 앞코가 메쉬라 겨울에 신기에도 발가락 시렵습니더 무게감도 살짝있구 ,,, 근데 모든걸 이기고 가성비가 너무 좋아서 전투화로 계속 살거같아요 굿굿 추천해유",230,1,True,0,0,2026-03-18T21:32:29.000+09:00
82700481,5360128,5,"디자인은 아주 심플해요 그래서 어떤옷에 신어도 잘 어울려요
사이즈는 반치수 업했는데 살짝 큰거같기도 하지만 개인적으로는  편하게 잘맞아요
착용감은 바닥 쿠션이 조금있고 발볼이 넓어서   편해요
신발무게도 가벼워  걷기운동할때 좋을거 같아요
가격도 할인해서  좋은가격에  좋은제품  사서 아주만족스럽네요",285,1,True,0,0,2026-03-03T22:21:43.000+09:00
82649312,5360128,5,굉장히 편하고 적당한 쿠션감이 있어 러닝 시 편할 것 같습니다.,265,1,True,0,0,2026-03-01T13:50:15.000+09:00
82048783,5360128,5,"깔끔한 올블랙 신발입니다, 쿠폰으로 조금 저렴하게 구매한것 같네요 발볼이 좀 넓은 편이라 항상 반치수 크게 사는편이엇는데 와이드 모델이다 보니 정사이즈로 시켯어도 될것같네요, 처음에 265를 시켯다가 260으로 교환했습니다, 교환 배송도 빠릅니다.",260,1,True,0,0,2026-02-04T09:50:50.000+09:00
81978672,5360128,5,"편하고 가벼워서 좋아요, 통풍이 잘 되는 느낌이라 여름에 신기 좋을 것 같아요",255,1,True,0,0,2026-01-31T17:07:26.000+09:00
79612053,5360128,5,"신고 다녔던지라 강아지가 냄새를 열심히 맡네요 .. ㅋㅋ
이전에 신었던 미즈노가 넘 편했어서 이번에도 미즈노로 구매했어요 ! 무난한 블랙이라 어디에 매치해도 예쁘더라구요 !
러닝용으로도 신고 평소에도 신어주고있는데 착화감 너무 편하고 무엇보다 가벼워서 좋더라구요 !
여행가서 이만보나 걸었는데도 발바닥이 하나도 안아팠어요",245,4,True,0,0,2025-11-05T14:07:35.000+09:00
83265958,5360128,5,"발볼 넓게나와서 사이즈 정말 마음에 듭니다!
발볼이 넓어 평소 신발 크게 신어야했는데 미즈노제품은 넓게나와서 마음에드네요 디자인은 깔끔하고 정말 무난합니다",285,0,True,0,0,2026-03-27T22:12:17.000+09:00
83253428,5360128,5,"신발이 편안하고 가벼워요 근데 발 볼은 꽤나 넓은 편이라 어글리 슈즈 느낌나요
데일리용으로 신으려고 했는데 운동용으로 신으려구요",260,0,True,0,0,2026-03-27T13:13:48.000+09:00
83228813,5360128,5,"운동할때 신으려고 샀는데, 너무 편하고 가벼워서 좋습니다! 저렴한 가격에 잘 사서 기분까지 좋네요",235,0,True,0,0,2026-03-26T08:25:52.000+09:00
83112780,5360128,5,"사이즈는 정사이즈예요. 거의 매일 신을 운동화기 필요했는데 발볼이 편하고, 가볍고, 올블랙에 깔끔해서 일상에서 쓰기 좋아요",265,0,True,0,0,2026-03-21T10:11:51.000+09:00
83564040,3901126,5,"올블랙 신발이 필요해서 샀습니다. 후기보니까 다들 반업하시던데 저는 정사이즈로 갔습니다. 에어포스 (270), 뉴발란스 574(270) 신고 발볼이 큰편인데 270 정사이즈로 가니까 적당히 여유있고 편합니다. 저랑 똑같으신 분들은 정사이즈 추천드립니다. 신어보니 신발이 매우 가벼웠고 적당한 쿠션감이 있어서 여행가거나 오래 걸어야하는 경우에 신기 좋을 것 같습니다. 밑창이 미끄럽다는 후기를 보았는데 오늘 비올때 신어보니 미끌거림이 좀 있긴하나 그냥 보통 신발이랑 비슷한 느낌이라 신경이 쓰이진 않았습니다. 사진상으로 봤을때보다 실물이 훨씬 이쁩니다. 연청 바지와 매치해보았는데 너무 예뻐서 발 동동거리면서 찍었습니다ツ 이후에도 가지고 있는 몇가지 옷들과 매치해서 입어보았는데 다 잘 어울렸어서 앞으로도 손이 자주 갈 것 같 것 같네요.",(19)BLACK · 270,7,True,0,0,2026-04-09T19:35:58.000+09:00
81168095,3901126,5,할아버지 사드렸는데 엄청 좋아하세요. 매쉬도 겨울에도 많이 춥지않은 두꺼운 매쉬소재같고요 일단 미끄럼방지가 확실히 좋아서 노인분들한테도 추천입니다,(19)BLACK · 255,146,True,0,0,2025-12-21T23:28:44.000+09:00
83756775,3901126,5,발볼이 과하게 크지 않아서 신기 편합니다 좋습니다,(19)BLACK · 270,2,True,0,0,2026-04-17T18:44:26.000+09:00
83531895,3901126,5,반업하라는 얘기가 많았지만 저는 정사이즈로 갔습니다. 평소 에어포스 270 신고 발볼 넓은 편인데 정사이즈로 가니까 편하고 잘 맞는 것 같아요. 사진보다 실물이 더 이쁘네요.,(19)BLACK · 270,2,True,0,0,2026-04-08T14:58:13.000+09:00
83444157,3901126,4,올블랙 신발 사고 싶어서 사봤어요 뉴발치고 가격도 괜찮아서 샀는데 검수 좀 잘 해주셨으면 해요 스크래치가 아무리 닦아도 안 닦이네요,(19)BLACK · 240,2,True,0,0,2026-04-04T18:29:09.000+09:00
83196405,3901126,5,"뉴발란스를 10만원도 안되는 가격으로 사다니!!! 올블랙 운동화 신고싶어서 찾아보다, 뉴발 다른 모델이나 아식스, 살로몬은 너무 비싸서 살까말까 엄청 고민하고있었는데.. NBPFGS150K / W480SK5 모델 보고 바로 구매했습니다. 신발 자체가 엄청 가볍고, 걸어봐야 알겠지만 착용감은 좋았어요👍 평소에도 220 신는데 딱 잘 맞아서 다행이에요.",(19)BLACK · 220,7,True,0,0,2026-03-25T22:57:13.000+09:00
84044194,3901126,4,"발볼넉넉하거 편하다고 합니당~!
올블락신발이 없어서 사줬는데 여기저기 무난하게 잘어울리는 기본템으로 굿굿",(19)BLACK · 280,0,True,0,0,2026-04-29T10:17:01.000+09:00
84041431,3901126,5,넘넘 깔끔하고 조아요오오 맘에 들어오오옹아주 굿,(19)BLACK · 265,0,True,0,0,2026-04-29T07:12:38.000+09:00
84041429,3901126,5,디자인이 깔끔하고 가볍고 너무 조아네요오오 굿,(19)BLACK · 265,0,True,0,0,2026-04-29T07:12:06.000+09:00
84020732,3901126,5,"엄청 가볍고 편합니다
반업했지만 정사이즈해도
괜찮을듯",(19)BLACK · 265,0,True,0,0,2026-04-28T14:23:17.000+09:00
84016952,3901126,4,"발볼이 좀 넓은 편인데 w으로 나온 모델이라서 되게 편해요
여름에 잘 신을 듯",(19)BLACK · 245,0,True,0,0,2026-04-28T10:32:24.000+09:00
84008853,3901126,5,블랙운동화 찾고 잇엇는데 가성비로 잘삿음 굿굿,(19)BLACK · 290,0,True,0,0,2026-04-27T21:54:10.000+09:00
84000351,3901126,5,"어디에든 잘 어울리는 신발입니다. 
착화감도 편하고 좋습니다",(19)BLACK · 270,0,True,0,0,2026-04-27T15:18:26.000+09:00
83989296,3901126,5,"뉴발란스 신발을 10만원 안쪽으로 살 수 있길래 바로 샀습니다.
착용감 자체는 엄청 편하고 통기성도 좋아보여요.",(19)BLACK · 235,0,True,0,0,2026-04-27T00:29:15.000+09:00
83978680,3901126,5,검은색 신발을 원해서 샀어요. 뉴발은 처음인데 정사이즈로 갔고 살짝 뒷꿈치가 조금 껴요. 근데 발볼은 확실히 넓고 편하네요. 디자인도 예뻐요. 운동화로 아주 무난무난스~,(19)BLACK · 265,0,True,0,0,2026-04-26T17:42:48.000+09:00
83974706,3901126,5,깔끔하고 가볍고 군더더기 없고 여름에 편하게 신기 딱 좋아요. 가격도 적당!,(19)BLACK · 270,0,True,0,0,2026-04-26T14:38:03.000+09:00
83971671,3901126,5,"앞코부분은 정사이즈로 가면 될 것 같고 발볼은 넉넉해요
그래서 착용감이 좋습니다",(19)BLACK · 270,0,True,0,0,2026-04-26T12:01:41.000+09:00
83971488,3901126,5,"상품평처럼 착화감도 좋고 이쁘네요
사이즈 고민 이였는데 235~240 사이즈 이고
 아디다스는235/ 나이키240/뉴발235/아식스245/ 
이신발은 240구매했네요",(19)BLACK · 240,0,True,0,0,2026-04-26T11:50:34.000+09:00
83964435,3901126,5,신발이 너무 가벼워서 놀랬고 신발에 쿠션이 있어서 그런지 걸을 때 발이 너무 편해요!,(19)BLACK · 260,0,True,0,0,2026-04-25T23:39:25.000+09:00
83963226,3901126,5,일단 발볼 넓어서 엄청 편했어요 오래 걸어도 안불편하고 좋아요,(19)BLACK · 260,0,True,0,0,2026-04-25T22:49:56.000+09:00
83633734,4039813,5,"예뻐서 샀는데 실착이 더 좋았던 리복 프리미어 플로트직 화이트
​
발볼이 조이지 않으면서도 발을 안정적으로 잡아주는구조로 TPU 가드 어퍼가 발을 감싸주면서 흔들림 없이 안정적인 착화감이 마음에 든 제품.
러닝 기반 설계가 적용된 모델로 에너지 폼과 지그 테크놀로지 조합된 운동화.
지그재그 형태의 아웃솔부드럽고 탄성이 느껴지는 스니커즈로 착화감 만족도가 높은 모델!

정 사이즈가 착화감이 안정적이고, 러닝 기반 구조 덕분에 오래 신어도 편안함이 유지되는
리복 프리미어 플로트직 화이트 추천합니다.

정사이즈를 선택해도 좋으며, 디자인, 가격, 착화감, 코디 활용도 모두 만족스러운 제품입니다.",275,0,True,0,0,2026-04-12T21:41:40.000+09:00
59897735,4039813,5,"전체적인 신발실루엣은
바닥소재두께감으로 살짝 커보이는면서도
편안해보이고 스트릿한 느낌이 가미되어있는편

신발끈은 조임끈 당기고 푸는 방식이 채택되어있어
간편하게 신고벗기 좋다는점에있어 편의성은 만족스럼

신발착용감은 상당히 푹신거리는감이 꽤나 있는편이라
장시간 착용시에도 발피로도가 확연하게 줄음

착용스타일은 스트레이트핏과 오버핏바지 모두 두루두루 잘 어울리게 연출가능해서 젊은나이대나 어머니 아버지 세대들도 젊은듯 편하게 연출하기 좋아보임

고로 브랜드네임성과 적정한가격선 푹신한착용감 디자인을 고루본다면 후회하지않을 제품입니다.",230,1,True,0,0,2024-05-25T22:38:49.000+09:00
82748329,4039813,3,"푹신푹신하긴 한데 생각보다 신발이 짧음
한사이즈 업 하세용",255,0,True,0,0,2026-03-05T21:46:25.000+09:00
82748281,4039813,5,푹신푹신한거 같은데 또 앞이 좀 짧은 느낌이라 발끝이 닿긴함,255,0,True,0,0,2026-03-05T21:44:57.000+09:00
70399126,4039813,5,"일단 발볼이 넓은데 편하게 신을 수 있고
예쁩니다 착용감도 좋아요",230,0,True,0,0,2025-01-25T23:17:22.000+09:00
65361732,4039813,5,사이즈 디자인 쿠션감 모두 만족입니다 아주 좋아요,255,0,True,0,0,2024-10-08T18:18:58.000+09:00
59018296,4039813,5,빠른배송 좋은물건 감사합니다~디자인 가격 배송 모두 만족합니다~^^,275,0,True,0,0,2024-05-07T13:36:33.000+09:00
81545031,4039813,5,최고 운동화가이뻐요!! 편하고 좋네요 좋은신발 감사,250,0,False,0,0,2026-01-09T10:52:22.000+09:00
78222581,4039813,5,"완전 빠른 배송 정말 좋아요. 신으면 더 예뻐요, 적극추천합니다.",265,0,False,0,0,2025-09-10T18:32:00.000+09:00
74774917,4039813,5,색도 좋고 사이즈도 잘맞고 이쁘네요 잘입겠습니다,270,0,False,0,0,2025-05-29T19:32:46.000+09:00
70399082,4039813,5,"런닝화 나이키 사려고 보니 다 품절
찾다찾다 리복꺼 편하다눈 리뷰보고 구매함
너무 편하고 좋음👍🏻",260,1,True,0,0,2025-01-25T23:16:18.000+09:00
83232484,4039813,5,발이 편해서 좋았습니다 사이즈도 정사이즈 딱 맞습니다,260,0,False,0,0,2026-03-26T12:19:44.000+09:00
59018282,4039813,5,빠른배송 좋은물건 감사합니다~디자인 가격 배송 모두 만족합니다~^^,275,1,False,0,0,2024-05-07T13:36:12.000+09:00
58694515,4039813,4,"발볼이 넒은 편이라 반업하니 좋습니다
착화감은 신을수록 쿠셔닝이 좋다는 느낌이 있으며
신말끈이 조이는방식이라 편하긴 하나 타이트한 느낌은 없음
단점은 습기가 있는 바닥에 밀리는 느낌이 있음",275,4,False,0,0,2024-04-30T23:02:08.000+09:00
83685239,5890439,5,"그레이 색상 운동화 보던중 이쁘고 가성비도 좋은 리복 운동화를 구매했네요. 리복 운동화 처음인데 가성비 굿, 디자인 굿, 착용감 굿, 포장 배송도 굿~~",265,0,True,0,0,2026-04-14T22:45:31.000+09:00
83685184,5890439,5,"그레이 색상 운동화 보던중 이쁘고 가성비도 좋은 리복 운동화를 구매했네요. 리복 운동화 처음인데 가성비 굿, 디자인 굿, 착용감 굿, 포장 배송도 굿~~",265,0,True,0,0,2026-04-14T22:44:17.000+09:00
82623129,5890439,5,디자인이 이쁘고 편하게 신을 수 있어서 좋습니다,265,0,True,0,0,2026-02-28T10:28:23.000+09:00
82612722,5890439,5,신발이 예쁘고 좋습니다. 신발의 크기 자체는 생각보다 큰편입니더,280,0,True,0,0,2026-02-27T20:26:38.000+09:00
82486076,5890439,5,생각보다 가볍고 안정감이 있어서 너무 좋았어요,260,0,True,0,0,2026-02-23T12:31:54.000+09:00
83930213,5890439,5,가격대비 정말 좋은 신발이네요. 조금 키높이도 있는거 같습니다.,265,0,False,0,0,2026-04-24T14:40:14.000+09:00
83843049,5890439,5,컬러랑 디자인이 너무 예쁩니다.가볍고 바닥도 넓게 잘 되어있네요,250,0,False,0,0,2026-04-21T10:04:28.000+09:00
83724135,5890439,5,편하고 이쁘네요!한개더 주문할 생각입니다 좋아요,265,0,False,0,0,2026-04-16T13:14:30.000+09:00
83257457,5890439,5,친구생일선물로줫는대 되게좋아하네요 ㅎㅎ 잘신는대요,290,0,False,0,0,2026-03-27T15:31:27.000+09:00
83718752,5890439,5,"볼이 넓은 아들인데 편하다고 합니다
런닝할때 주로 신고 있어요~~",280,0,False,0,0,2026-04-16T07:55:55.000+09:00
83240990,4836543,5,"심발 핏이 정말 좋고 디자인이
너무 이뻐요 최애 신발입니다",300,0,True,0,0,2026-03-26T19:28:15.000+09:00
83240973,4836543,5,"심발 핏이 정말 좋고 디자인이
너무 이뻐요 최애 신발입니다",300,0,True,0,0,2026-03-26T19:27:49.000+09:00
80067969,4836543,5,런닝화 첨 삿는데 딱 좋네요 푹신하고 넘 이쁘네요,280,0,True,0,0,2025-11-20T23:03:45.000+09:00
79772088,4836543,5,오 정말 합리적인 금액으로 좋은 런닝화를 산 거 같아서 일단 좋고요 바닥 접지력 및 탄력(?) 추진력 등이 너무 좋은 거 같아요!,280,0,True,0,0,2025-11-12T18:27:02.000+09:00
83761028,4836543,5,"방금 7키로정도 뛰어봤는데 잘잡아줘서 좋네요 
꾸준히 연습 잘하겠습니다",290,0,True,0,0,2026-04-17T21:36:55.000+09:00
83656752,4836543,5,"다른 러닝화 안 신어봐서 이게 좋은지는 모르겠는데
오늘 처음 달려봤는데 나쁘지 않은 거 같아요",290,0,True,0,0,2026-04-13T21:39:41.000+09:00
83656744,4836543,5,"다른 러닝화 안 신어봐서 이게 좋은지는 모르겠는데
오늘 처음 달려봤는데 나쁘지 않은 거 같아요",290,0,True,0,0,2026-04-13T21:39:26.000+09:00
83830044,4836543,4,발에 착감기고 쿠션감이 좋았습니다. 뛰는데 가벼워서 맨발로 뛰는 줄 알았는데 진짜 맨발로 뛰었네 나참,290,0,False,0,0,2026-04-20T18:11:18.000+09:00
79081046,4836543,5,선물받았는데 오래 서있는데 딱 좋습니다. 추천합니다.,290,0,True,0,0,2025-10-16T23:27:06.000+09:00
77896352,4836543,5,배송빠르네요 가볍고 탄탄하고 쿠션감도 좋네요 추천합니다,280,0,True,0,0,2025-08-27T13:33:34.000+09:00
77881896,4836543,5,쿠션좋고 가벼워서 발에 무리가 안가는서 같아서 좋아요,260,0,True,0,0,2025-08-26T20:59:40.000+09:00
77881869,4836543,5,확실히 가볍소 쿠션감이 좋아서 발목에 무리가 안갈거같아요,260,0,True,0,0,2025-08-26T20:58:27.000+09:00
77669117,4836543,5,가벼운 운동할때 신기 좋아요 푹신푹신 합니다 여름에는 조금 더워요,260,0,True,0,0,2025-08-16T15:29:48.000+09:00
75713065,4836543,5,믿고 사는 무신사 제품입니다. 소재도 좋고 몸에 잘 맞고 편안하고 스타일도 괜찮습니다. 또 구매 하겠습니다!!,280,0,True,0,0,2025-06-30T09:18:14.000+09:00
75713081,4836543,5,믿고 사는 무신사 제품입니다. 소재도 좋고 몸에 잘 맞고 편안하고 스타일도 괜찮습니다. 또 구매 하겠습니다!!,280,0,True,0,0,2025-06-24T00:32:04.000+09:00
75569955,4836543,5,초보 런닝화로 유명해서 구매했는데 착화감 편하고 좋은 것 같습니다!,250,0,True,0,0,2025-06-19T01:42:42.000+09:00
75529110,4836543,5,데일리로 신을려고 하나 더 구매했어요 발볼이 좁은 편이라 반업에서 일업하세요,290,0,True,0,0,2025-06-18T17:18:32.000+09:00
75529066,4836543,5,데일리로 신을려고 하나 더 구매했어요 발볼이 좁은 편이라 반업에서 일업하세요,290,0,True,0,0,2025-06-18T17:17:53.000+09:00
75014657,4836543,5,"남편이 러닝을 시작했는데, 초보자용으로 적합한 신발이라고 해서 구매했어요ㅎㅎ 발볼 넓고 발등 높은데 정사이즈 괜찮아요!",270,0,True,0,0,2025-06-06T23:12:26.000+09:00
75040747,4836543,5,편합니다 에어포스 300기준으로 305  괜찮고 조금 여유있게 신으려면 310도 나쁘지않을듯요ㅎㅎ,305,0,True,0,0,2025-06-06T16:04:49.000+09:00
83603539,4290142,5,그전에 스파크9 현재는 mxr을 신고 있는데 스파크9는 265표준이고 mxr은 3e가 기본으로 나와서 신고 있어요 mxr은 꽉끈을 했구요웨이브라이더10은 265를 구매했는데 착화감도 너무 좋고 발볼도 적당하고 길이도 적당해서 저에겐 너무 편한 신발이네요 후기에 반업하라는 말이 있던데 저는 발등이나 발볼이 표준이라 정사이즈가 맞았어요 mxr보다 상급 모델인게 신으니깐 느껴지네요 너무 만족하고 와이드팬츠에도 잘어울리고 색깔도 만족하고 오랜만에 제가 삿던 옷이나 물품중에 만족하는 제품이였습니다!,265,1,True,0,0,2026-04-11T15:21:51.000+09:00
83603661,4290142,5,미즈노를 좋아해서 스파크9 mxr을 거치고 있는데 상급 모델답게 웨이브라이더10이 착화감에서 앞서네요 정사이즈 265라 저에겐 잘맞았고 제 기준으론 반업을 하지 않아도 될거같아요!,265,2,True,0,0,2026-04-11T15:27:31.000+09:00
84023405,4290142,5,조금씩 다른톤의 색상과 광택에 차이를두어 자연스러우나 심심하지 않게 잘 만들었네요.,265,0,True,0,0,2026-04-28T17:12:39.000+09:00
83979417,4290142,5,"토요일 오후 주문
일요일 낮 배송
완전 불꽃배송 최고 !!
가볍고 시원하고 착용감 굿!",270,0,True,0,0,2026-04-26T18:14:01.000+09:00
83802259,4290142,5,실버에 아이보리 느낌 넘 맘에 드네요. 역시 미즈노 웨이브라이더 실버 느낌이 아주 예쁩니다청바지랑 와이드핏에 잘 어울리는 느낌입니다~ㅎㅎ,265,0,True,0,0,2026-04-19T17:12:23.000+09:00
83785892,4290142,5,"아이보리,실버,그레이등이 잘 섞여있고 재질감과 광택을 달리해서 단조롭지만 심심하지않게 잘 만들었어요.",265,0,True,0,0,2026-04-18T22:15:39.000+09:00
83715678,4290142,5,"가볍고 편합니다 너무 예뻐요....
매일 신고다닐래요",280,0,True,0,0,2026-04-16T00:20:46.000+09:00
83708806,4290142,5,아주 편하고 가볍고 탄탄한 느낌 입니다 코디하기도 무난,245,0,True,0,0,2026-04-15T20:36:38.000+09:00
83550173,4290142,5,웨이브라이더 세번짼데요ㅎㅎ 영롱하네요 정말ㅎㅎ 가볍고 탄탄하고 편한 착화감도 최고입니다,265,0,True,0,0,2026-04-09T08:16:57.000+09:00
83516691,4290142,5,생각보다 아주 저렴한 가격으로 구입할수 있었고 역시 미즈노구나 생각듭니다. 착화감과 가벼움 타 브랜드 보다 월등하다 생각되는 브렌드입니다.^^,250,0,True,0,0,2026-04-07T21:59:28.000+09:00
83514997,4290142,5,선물용으로 구매했습니다. 통기성도 좋고 가벼워서 만족하네요,250,0,True,0,0,2026-04-07T21:10:12.000+09:00
82763965,4290142,5,"미즈노 신발 첨 신어봅니다

디자인과 가격도 나쁘지않아서 샀는데 너무이쁩니다.

정사이즈로 사심 됩니다.

발등 살짝 잡아주는게 너무편합니다.",260,0,True,0,0,2026-03-06T15:39:31.000+09:00
82721960,4290142,4,"뉴발 270사이즈인데 반사이즈 업해서 구매하시면 좋을 듯 하며, 발볼은 다소 좁은편이나 매우 편안한 쿠션으로 데일리 운동화로 좋습니다.",275,0,True,0,0,2026-03-04T22:03:26.000+09:00
79596014,4290142,5,"사이즈 고민 많이 했는데요 
235 신는데 240으로 주문했더니 완전 넉넉하게 맞아요! 
다만 이제 추워서 못신겠네요 ㅎ 
너무 늦게 구입했어요",240,0,True,0,0,2025-11-04T21:37:08.000+09:00
79562509,4290142,5,"실물로 보면 핏도 색감도 예쁘고 어디에도 잘 어울려요 ! 

미즈노 답게 신발 진짜 편하고 최고 통풍도 최고",285,0,True,0,0,2025-11-03T17:14:21.000+09:00
79562497,4290142,5,"실물로 보면 핏도 색감도 예쁘고 어디에도 잘 어울려요 ! 

미즈노 답게 신발 진짜 편하고 최고 통풍도 최고",285,0,True,0,0,2025-11-03T17:10:57.000+09:00
78906976,4290142,4,"0. 택배박스가 일부분 파손됐지만, 다행히도 전용박스(270사이즈만)의 모퉁이 한곳만 짓눌린거 빼고는 괜찮네요
- 추정 1) 전용박스 보다 택배박스가 커서(공간이 많이 남음) 배송 중에 다른 배송물에 의하야 짓눌린 것으로 예상
- 추정 2) 택배박스가 견고하지 않은 것으로 예상

1. 사이즈
- 운동화 shape이 날렵해서, 발볼이 있는 경우에는 한업 추천 ( 길이는 남고, 폭과 등은 저스트 / 265는 폭이 타이트 예상 )


2. 시착 시, 느낀점
- 칼발 형태에 적합 ( 발볼러의 경우, 반~한업하고 꽉끈 )
- 쿠셔닝이 단단해서 적응 필요
- 발등 부분은 낮게 나온 형태

3. 맺음말
- 색상은 화면과 거의 흡사
- 일상화로 착용시, 와이드 바지 형태가 잘 어울릴것 같음( 운동화 모양이 얄팍해서, 와이드 바지에 포인트 코디하면 좋을듯 )
- 미즈노 브랜드 운동화는 처음이지만, 전체적으로 색상 조화와 디자인 느낌 괜찮음",270,2,True,0,0,2025-10-13T00:38:06.000+09:00
78450492,4290142,5,"커플로 살는디 이뻐여 아식스젤이랑 고민하다가 미즈노로 샀어여
아식스가 착화감은 훨씬 편한데 (개푹신) 그에 비해 미즈노는 깔창쪽이 쫌 딱딱함
But 포기할 수 없는 디자인 디테일
미즈노가 좀 더 얈쌍~해서 저한테 잘어울려서 미즈노로삼 
포인트받으려다샬라쌸라 포인뚜주셍옹 ㅠ기준넘까다롭핑!",230,2,True,0,0,2025-09-21T02:19:15.000+09:00
76625488,4290142,4,전체적으로 나쁘지않지만 실물이 이미지만 못하는 느낌..? 게다가 생각보다 많이 작게 나온듯해요! 반사이즈업하라는 말이 많아서 그렇게 했는데도 신발이 길이도 발 볼도 적당히 딱 맞더라구요.. 정사이즈로 시켰으면 발볼은 둘째치고 길이도 안맞을뻔 신발 옆 은색 반짝이는 포인트 부분 재질이 생각보다 튼튼하거나 깔끔한 느낌은 아니더라구요. 신발은 런닝화답게 발목부터 전체 싹 잡아주고 쿠셔닝덕분에 굉장히 편해요!,265,2,True,0,0,2025-07-09T00:32:49.000+09:00
74253758,4290142,5,이번달에 신발만 몇켤레 샀는데 이게 제일 마음에 들어요. 원하는 컬러가 없어서 고민고민하다가 이걸로 산건데 왠걸 걱정할 필요가 없었어요. 정말 어느 옷에나 잘 어울리고 너무 예쁩니다.,240,2,True,0,0,2025-05-16T01:24:22.000+09:00
83955072,5277377,5,"보메로 화이트 구매 시 착화감에 만족해서 블랙 그레이로 다시 또 구매합니다.
할인 폭이 적어 아쉽지만 제품은 만족합니다.",240,0,True,0,0,2026-04-25T16:47:30.000+09:00
83955041,5277377,5,"보메로 화이트 구매했을 때 착화감이 좋아 블랙 그레이로 또 구매합니다.
배송도 매우 빠르고 좋습니다",240,0,True,0,0,2026-04-25T16:45:32.000+09:00
83953137,5277377,5,가볍고 푹신해서 좋았어요. 굽도 높아서 키 커보여요.,240,0,True,0,0,2026-04-25T15:25:07.000+09:00
83934223,5277377,5,"착화감이 너무 좋아서 첨에 엄마꺼 주문해 드렸다가 언니랑 저랑 다 구매하게 되었다는....
그리고 나이키 쿠폰까지 있어 착한 가격에 샀어요.
러닝이나 워킹에 푹신해서 넘 좋아요",245,0,True,0,0,2026-04-24T17:50:02.000+09:00
83934158,5277377,5,"착화감이 너무 좋아서 첨에 엄마꺼 주문해 드렸다가 언니랑 저랑 다 구매하게 되었다는....
그리고 나이키 쿠폰까지 있어 착한 가격에 샀어요.
러닝이나 워킹에 푹신해서 넘 좋아요",250,0,True,0,0,2026-04-24T17:47:06.000+09:00
83839161,5277377,5,"만족이에요.

일단 색감이 블랙 + 그레이톤이라
옷 아무거나 입어도 다 잘 어울려요.
꾸안꾸 느낌 제대로 납니다.

그리고 생각보다 엄청 가벼워요
신었을 때 발이 편해서
하루 종일 신고 다녀도 부담 없는 느낌이에요.

쿠션도 좋은 편이라 걸을 때 푹신하고
줌X 폼 들어가서 반발력도 꽤 좋아요  

사이즈는
저 235인데 240 신으니까 딱 좋았어요.
발볼도 너무 조이지 않고 적당히 여유 있어서
편하게 신기 좋아요.",240,0,True,0,0,2026-04-21T00:45:43.000+09:00
83830195,5277377,5,만족스럽습니다 사고 싶었던 제품인데 잘 산거 같아요 ㅋㅋ 감사합니다,230,0,True,0,0,2026-04-20T18:18:51.000+09:00
83761932,5277377,5,안신어보고 245를 구매해서 손가락 하나정도가 들어가길래 240도 바로 구매했거든요. 240은 확실히 볼이랑 길이가 딱 맞는 느낌이에요. 둘 다 편하긴 해요. 245가 발이 좀 커보이기는 하는데 갑갑한 느낌이 없고 발볼이나 길이 여유가 있어서 245로 신으려고요. 5사이즈 차이인데도 크기도 그렇고 착화감도 그렇고 차이가 확 나네요. 240은 엄마 신으시라고 드리면 될거 같아요. 근데 이거 러닝 말고 평상시 많이 걸을때 신어도 되는 건지 잘 모르겠네요.,240,0,True,0,0,2026-04-17T22:13:38.000+09:00
83756476,5277377,5,가벼워서 러닝할 때 좋아요 240 정사이즈 신는데 크기도 잘맞았어요,240,0,True,0,0,2026-04-17T18:28:29.000+09:00
83731553,5277377,5,어머니 선물로 사드렸는데 가볍구 푹신해서 좋아하세요 잘신을께요 감사합니다,230,0,True,0,0,2026-04-16T18:33:36.000+09:00
83724304,5277377,5,반사이즈업해서 주문했는데 약가 여유있게 좋네요  쿠션화를 거의 일상생활용도로 신어와서  저한테는 좋은데  쿠션화가 익숙치 않은분은 발목에 힘이들어갈수 있어  러닝용으로 신기 좋은듯합니다 기존에 호카본디와 비교할때 쿠션감은 더 좋아서 달리기 하면 더 확 좋음이 느껴질듯합니다,230,0,True,0,0,2026-04-16T13:24:48.000+09:00
83717492,5277377,5,반사이즈 업 안해도 될것같아요 신발 가볍고 쿠션감 좋아요,245,0,True,0,0,2026-04-16T02:39:11.000+09:00
83687297,5277377,5,쿠션 너무 좋고 너무 가벼워요 대박! 깔끔한 디자인에 굽도 좀 있어서 러닝할때 아니어도 자주 신을 것 같아요✌️,240,0,True,0,0,2026-04-14T23:49:45.000+09:00
83655111,5277377,5,"너무너무 가볍구 배송도 빨라서 좋았어요
저는 일상에서 신으려고 산 건데 굽도 높아서 
바지도 잘 안 끌릴 것 같고 잘 신을 것 같아요",235,0,True,0,0,2026-04-13T20:34:12.000+09:00
83600976,5277377,5,러닝하려고 샀는데 가볍고 쿠션감이 좋아서 만족합니다,240,0,True,0,0,2026-04-11T13:24:00.000+09:00
83516682,5277377,5,"정망 편합니다 쿠션이 좋아요 다양한 색이
나오면 좋겠고 발볼이 넓습니다",245,0,True,0,0,2026-04-07T21:59:17.000+09:00
83373621,5277377,5,너무 가벼워 장시간 러닝시에도 발이 편하고 발을 잘 잡아줘서 더욱 안정감이 있는 나이키 보메로 플러스 W 추천합니다.,230,0,True,0,0,2026-04-01T20:16:52.000+09:00
83278758,5277377,5,잘 받았어요. 새 러닝화 찾던 중 추천받아서 구매했어요. 신어보니 가볍고 쿠션도 괜찮은 것 같아요. 올블랙인것도 좋아요. 약간 여유있게 사이즈도 괜찮네요.  잘 신을게요!,250,0,True,0,0,2026-03-28T16:33:38.000+09:00
82473858,5277377,5,편한신발 찾다가 구매했어요. 가볍고 편하고 굽도 있어서 너무 좋았어요. 착화감도 좋고 추천합니다.,230,0,True,0,0,2026-02-22T22:32:20.000+09:00
81717720,5277377,5,매장에서 신어보고 구매했어요. 225-230 신는데 살짝 여유있게 230 구매했습니다. 올블랙이어서 깔끔하고 착화감 너무 편해요,230,0,True,0,0,2026-02-22T22:19:35.000+09:00
84025367,4982686,5,"배송 빠르고 제품 포장도 깔끔하고 좋았어요. 사이즈는
정사이즈이고 색깔도 선명하고
좋아요.",02_White/Black · 255,0,True,0,0,2026-04-28T17:45:13.000+09:00
84025313,4982686,5,"배송 빠르고 제품 포장도 깔끔하고 좋았어요. 사이즈는
정사이즈이고 색깔도 선명하고
좋아요.",02_White/Black · 255,0,True,0,0,2026-04-28T17:43:12.000+09:00
83930021,4982686,5,배송 빠르고 제품 상태 좋습니다. 사이즈는 정사이즈로 구매했습니다.,02_White/Black · 265,0,True,0,0,2026-04-24T14:29:08.000+09:00
83704583,4982686,5,"신랑 운동할때 신으려고 구입했습니다.
아주 편하고 가볍다고 하네요.
디자인도 무난하고 마음에 든다고 해서 제 기분도 좋아요.",02_White/Black · 265,0,True,0,0,2026-04-15T18:11:12.000+09:00
83704529,4982686,5,"신랑 운동할때 필요하대서 구입했습니다.
아주 편하고 가볍다네요.",02_White/Black · 265,0,True,0,0,2026-04-15T18:08:54.000+09:00
83644995,4982686,5,쿠션이 푹신푹신합니다. 무난한 스타일에 가성비 좋은 흰 신발입니다,02_White/Black · 260,0,True,0,0,2026-04-13T12:10:36.000+09:00
83540946,4982686,4,생각보다 편한건 모르겟구 싼티가 마니납니다! 발볼은 넓어요,02_White/Black · 250,0,True,0,0,2026-04-08T20:50:29.000+09:00
83410537,4982686,4,일단 운동화가 가벼워요 발볼도 적당합니다. 데일리랑 러닝할때 쓰려고 구매한건데 갓성비 될 것 같아요,02_White/Black · 275,0,True,0,0,2026-04-03T08:16:11.000+09:00
83320196,4982686,5,가볍고 쿠션감 좋네요 디자인도 깔끔합니다 다만 끈이 좀 길어요,02_White/Black · 245,0,True,0,0,2026-03-30T16:40:06.000+09:00
83255815,4982686,5,신발을 신었을 때의 가벼움과 편안함이 공존해서 좋습니다 운동할 때 자주 신을 것 같아요.,02_White/Black · 265,0,True,0,0,2026-03-27T14:01:56.000+09:00
83255769,4982686,5,신발 자체가 가볍고 착용감이 좋아서 운동 할 때 신으면 좋을 것 같습니다. 지금같이 시원한 날씨에 신어도 좋을 것 같아요.,02_White/Black · 265,0,True,0,0,2026-03-27T13:59:32.000+09:00
82501571,4982686,4,런닝하려고 구매했어요 바닥도 푹신하고 통통튀는? 느낌이라 런닝하기 좋을것 같아요!,02_White/Black · 220,0,True,0,0,2026-02-23T22:21:23.000+09:00
82166248,4982686,5,"신발 픽업한날 신나서 바로 3m달려버리기. 두꺼운 스포츠 양말을 신으니 조금큰 사이즈가 커버 됩니다. 물론 발가락도 좀 남고, 발볼도 좀 남으나 끈으로 조이니 덜컹 인다거나 달릴 때 불편함은 없었어요. 오히려 넉넉하게 사서 발 조이는 느낌도 없고 잘산것 같아요^0^ 역시 신어 봐야해!
1. 초보자가 신기에 발목을 잡아준다. 
2. 적당히 품신해서 무릎에 무리가 가지 않는다.
3. 밑창이 넓어 안정적이|다.",02_White/Black · 250,0,True,0,0,2026-02-12T13:09:32.000+09:00
82166174,4982686,5,"1. 초보자가 신기에 발목을 잡아준다. 
2. 적당히 품신해서 무릎에 무리가 가지 않는다.
3. 밑창이 넓어 안정적이|다.",02_White/Black · 250,0,True,0,0,2026-02-10T18:12:00.000+09:00
83666354,4982686,4,쿠셔닝이 좋고 런닝도 뛰어 봤는대 발이 확실히 편합니다,02_White/Black · 275,0,True,0,0,2026-04-14T10:58:54.000+09:00
83540923,4982686,5,생각보다 싼티가 마니나요 편한것도 잘 모르겟어요,02_White/Black · 250,0,True,0,0,2026-04-08T20:49:37.000+09:00
79167532,4982686,5,미즈노 2개째인데 러닝화 하나 더 사려구요. 가벼운 러닝까지만 딱 좋아요 다른 운동할땐 만능입니다,02_White/Black · 260,1,True,0,0,2025-10-20T10:23:42.000+09:00
84019239,4982686,5,"아주 고급스러운 느낌은 아니야. 근데 아웃솔은 튼튼하고 훌륭해. 
인솔도 괜찮고... 뛰었을 때 나이키의 트레이너화들 보다는 훨씬 가볍고 착화감이 좋아.",02_White/Black · 275,0,False,0,0,2026-04-28T12:58:13.000+09:00
83985236,4982686,5,포장도 아주 깔끔하고 상품 상태가 완벽해요 정말 감사해요,02_White/Black · 265,0,False,0,0,2026-04-26T22:00:52.000+09:00
83428244,4982686,5,일단 발볼이 넓고 기본사이즈가 큰 편이라 정사이즈로 사시는걸 추천드립니다. 가볍고 발목을 잘 잡아줘서 운동할 때 편합니다,02_White/Black · 245,0,False,0,0,2026-04-03T23:02:58.000+09:00
83624486,5882655,5,할인해서 잘샀습니다 신발도 배송도 빠르고 좋네요,245,0,True,0,0,2026-04-12T14:49:53.000+09:00
83701196,5882655,5,신발이 가볍고 통통 튀면서 폭신해서 발전체가 편안합니다 포인트 되는 밑창부위 살구색이 너무 이뻐요,250,0,False,0,0,2026-04-15T15:56:13.000+09:00
83638393,5882655,5,"쿠셔닝이 좋아요, 러닝할때 발목에 부담감리 덜하고 속도도 잘나요.",225,0,False,0,0,2026-04-13T00:40:01.000+09:00
83384403,4172869,5,런닝용도로 샀어요. 가볍고 뛰기 좋아요. 발볼이 넓은편이라 반사이즈 업했더니 딱 좋습니다.,255,2,True,0,0,2026-04-02T08:28:10.000+09:00
83865816,4172869,5,남자친구 선물로 가볍고 편한 신발 찾고있었는데 딱이네요! 매우 만족스러워하면서 신고있습니다,265,0,True,0,0,2026-04-22T00:05:27.000+09:00
83774807,4172869,5,좀 작게 나왔다는 말이 맞네요 평소 260 신는데 265 주문하니 딱 맞아요! 가볍고 쿠션감도 좋고 무엇보다 진짜 저렴하게 잘 샀어요,265,0,True,0,0,2026-04-18T14:45:44.000+09:00
83751487,4172869,5,가벼운 조깅하기에 딱 좋아요. 괜히 조깅화로 유명한게 아니네요,265,0,True,0,0,2026-04-17T15:01:07.000+09:00
83751334,4172869,5,가벼운 조깅하기에 딱 좋아요. 괜히 조깅화로 유명한게 아니네요,255,0,True,0,0,2026-04-17T14:54:52.000+09:00
83411151,4172869,5,요새 러닝을 시작해서 사봤는데 바닥에 닿을 때마다 발이 편하고 좋아요.,255,0,True,0,0,2026-04-03T09:01:02.000+09:00
83309930,4172869,5,가볍고 착용감이 좋습니다 런닝화로 좋을 것 같아요,265,0,True,0,0,2026-03-30T00:15:31.000+09:00
83238650,4172869,5,런닝화 입문템으로 유명해서 구매했는데 진짜 편하고 좋아요. 사이즈 반업 필수!!,255,0,True,0,0,2026-03-26T17:48:19.000+09:00
83053796,4172869,5,쿠션감 좋고 착화감 편해서 데일리 러닝화로 만족함,255,0,True,0,0,2026-03-18T21:07:19.000+09:00
80022987,4172869,5,이거신고 10K 마라톤 했습니다 ! 10키로는 아주 거뜬히 뛸 수 있어요 사이즈는 1업 했는데도 꽉 맞아요 발볼 보통인데 1업이 딱 맞는 느낌이어서 진짜 기본으로 1업 해야하는거 같아요 필수!! 더 넉넉하게 신고 싶다면 2업 하면 될듯,255,2,True,0,0,2025-11-20T07:39:17.000+09:00
78451904,4172869,5,착화감이 좋고 런닝할때 특히 발바닥 쿠션감이 딱 적당해서 평발가까운 발바닥에 너무 편했습니다,255,1,True,0,0,2026-01-21T01:14:41.000+09:00
81002929,4172869,5,정신을 건강하게 하려면 러닝을 해야하는데 러닝을 하려면 러닝화가 필요해서 입문용으로 구매했는데 너무 가볍고 좋습니다 근데 정말 입문용이라는점 참고하세요 !,240,1,True,0,0,2025-12-14T22:34:28.000+09:00
79500502,4172869,5,10키로 마라톤 준비 하려고 샀어요. 전에 신발보다 확실히 편합니다. 그리고 가볍고 좋은데 싸이즈는 좀 작은 거 같아요 1업 했는데도 꽉맞아요 그래도 전 신발보다 확실히 편해서 다 신고 있습니다. 다른 쿠션화는 오히려 너무 폭신 해서 부담스러웠는데 이건 적당해요,255,1,True,0,0,2025-11-01T10:21:07.000+09:00
78252315,4172869,5,"헬스 다니면서 신으려고 급하게 주문했는데
배송도 빠르게오고 신발도 너무 편해서 좋아요!!!
평소에 230 신는데 235 반업 하니까 딱이에요",235,1,True,0,0,2025-09-11T22:46:36.000+09:00
77745787,4172869,5,엄마 선물로 화이트 구매하고 마음에 들어서 블랙까지 구입했어요 엄마가 평소에도 나이키 신발을 좋아하는데 확실히 가볍고 에어가 있어서 착화감도 좋아요 다른 기능성 운동화보다 편하다고 하시네요,245,1,True,0,0,2025-08-20T10:20:39.000+09:00
83817982,4172869,5,다음에도 또 구매하고 싶은 정말 좋은 제품이에요 만족해요,265,0,False,0,0,2026-04-20T07:30:34.000+09:00
83776190,4172869,5,어디에나 잘어울려요 기본템으로 아주 좋아요 강추용,265,0,False,0,0,2026-04-18T15:33:59.000+09:00
83731648,4172869,5,배송이 엄청 빠릅니다. 예쁘구요 스타일이 좋아요~,255,0,False,0,0,2026-04-16T18:37:00.000+09:00
83717317,4172869,5,빠른 배송 정말 감사드려요 물건도 너무 좋아요 만족해요,255,0,False,0,0,2026-04-16T02:13:40.000+09:00
83674585,4172869,5,합리적인 가격에 아주 좋은 품질이라 정말 매우 만족합니다,265,0,False,0,0,2026-04-14T17:35:49.000+09:00
83141766,4425597,5,디자인이 깔끔하고 컬러 은은해요 편하고 가성비 좋습니다,240,0,True,0,0,2026-03-22T15:19:54.000+09:00
81968026,4425597,4,색상이랑 외관은 이쁩니다! 쿠션이 있진않고 안전화신는 느낌이에요. 통풍이 안되므로 여름에 신긴힘들것 같아요,280,1,True,0,0,2026-01-30T23:09:00.000+09:00
65697586,4425597,5,배송이 빠르고 사진이랑 똑같습니다. 색감도 좋고 튼튼해 보여요.,265,1,True,0,0,2024-10-17T18:47:44.000+09:00
83005818,4425597,5,"아주 이쁜거 싸게.잘 삿어요
맘에듭니다 ㅋㅋ 잘신을게요",270,0,False,0,0,2026-03-17T02:59:41.000+09:00
70735330,4425597,5,길이는 딱 맞지만 넓이는 좀 좁아서 한사이즈 크게 사는게 좋겠네요,265,0,False,0,0,2025-02-04T12:20:01.000+09:00
69855765,4425597,4,가볍고 디자인도 깔끔해서 잘 산 것 같습니다. 감사합니다.,265,0,False,0,0,2025-01-10T23:25:33.000+09:00
69411611,4425597,5,사이즈 자체는 신었을때 딱 맞지만 신발을 다 신기까지가 조금 힘드네요,265,0,False,0,0,2024-12-29T11:35:01.000+09:00
65379403,4425597,4,실물이 훨씬 깡패네요 다만 칼발용으로 나왔어서 한치수 더 키우거나 혹은 고려 하시고 구매하실 때 참고하면 좋겠네요~,275,0,False,0,0,2024-10-09T08:46:42.000+09:00
83452454,5042974,5,너무 가볍고 푹신푹신해서 평소 뛰던 러닝화보다 기록 잘 나오네요 이거 신고 첫 10키로 마라톤 55분대로 뛰었습니다 블랙에 실버 조합 간지....,230,2,True,0,0,2026-04-05T00:49:31.000+09:00
83452421,5042974,5,너무 가볍고 푹신푹신해서 평소 뛰던 러닝화보다 기록 잘 나오네요 이거 신고 첫 10키로 마라톤 55분대로 뛰었습니다 블랙에 실버 조합 간지....,230,1,True,0,0,2026-04-05T00:47:20.000+09:00
83997478,5042974,5,평소 230 신고 오후에는 발이 붓는 편이라 반업했어요. 아주 살짝 여유로운 정도라 헐렁거리지 않고 편하게 잘 맞아서 반업하길 잘 한 것 같아요. 매우 가볍고 쿠션감도 좋네요. 초보 러너인데 잘 신겠습니다.,235,0,True,0,0,2026-04-27T12:54:23.000+09:00
83929186,5042974,5,흰색 잘 신고 있어서 교대로 신으려고 검정도 구매햇어요. 맘에들어요,240,0,True,0,0,2026-04-24T13:50:25.000+09:00
83897172,5042974,5,"페가수스 41 신다가 갈아탔습니다~! 왜 이제야 산지 모르겠음 ..
개가볍고 통통 튀는게 뛸 때 기분이 넘 좋습니다 굿

아 다만 찐덕거리는 무언가가 묻어왔어요 .. 물티슈로 지워도 안 지워져서 칫솔로 개 빡빡 닦으니까 지워짐",250,0,True,0,0,2026-04-23T04:29:23.000+09:00
83861969,5042974,5,"초보에겐 성능보다 '나가고 싶게 만드는 디자인'이 중요한데, 이건 그냥 최고입니다. 운동복은 물론 일상복에도 잘 어울려서, 신발장에 놓인 모습만 봐도 ""오늘 한 번 뛰어볼까?"" 하는 동기부여가 확실히 됩니다.
발바닥이 지면에 닿을 때마다 충격이 걱정되는데, 이 신발은 쿠션이 정말 쫀득합니다. 너무 딱딱하지도, 너무 푹 꺼지지도 않아서 무릎에 전해지는 부담이 확실히 덜한 느낌이에요.",250,0,True,0,0,2026-04-21T22:23:34.000+09:00
83808224,5042974,5,"직접 신어보니까 왜 데일리 러닝화로 많이 추천하는지 알겠습니당!! 

일단 가장 마음에 드는 건 가벼운 착화감입니다~
신자마자 발에 부담이 거의 없어서 처음 뛰는 순간부터 편안하게느껴졌어요
그리고 쿠셔닝이 생각보다 탄탄해서
푹신하기만 한 게 아니라 적당히 반발력이 있어서 발이 앞으로 자연스럽게 밀리는 느낌이 들어서 러닝 리듬 잡기 좋았습니다👍🏻

디자인도 깔끔해서
운동할 때뿐 아니라 평소 데일리룩에도 잘 어울리네용><!!
넘 만족합니다!!!",240,0,True,0,0,2026-04-19T20:58:04.000+09:00
83718556,5042974,5,배송 빨랐고요 신발 너무 예쁘고 착화감도 좋습니다 어디든 잘 어울려요 또 사러 올게요,240,0,True,0,0,2026-04-16T07:31:43.000+09:00
83557167,5042974,5,배송 빨랐구요~ 신발 너무 이쁘고 맘에 듭니다 착화감도 너무 좋아요~ 또 사러 올께요,240,0,True,0,0,2026-04-09T14:38:17.000+09:00
83468819,5042974,5,편하게 잘 사용하고 있어요~!저렴하게 구매했어요 추천합니다,230,0,True,0,0,2026-04-05T20:39:33.000+09:00
82859822,5042974,5,"부모님 선물로 드렸는데 너무 조아하시네용
가격이 비싼데는 이유가 있어요
저는 생각보다 너무 가벼워서 발을 잘 못잡아주진 않을까 생각했는데
부모님 발에는 괜찮다고 하시네요",245,1,True,0,0,2026-03-10T22:03:24.000+09:00
83272322,5042974,5,"아디다스 아디제로 EVO SL W - 블랙은 정말 가볍고 발이 편해서 러닝, 걷기운동할 때 신기 좋은 운동화 스니커즈 입니다.",240,0,True,0,0,2026-03-28T10:49:09.000+09:00
83072968,5042974,5,"아디다스 아디제로 EVO는 가볍고, 미끄럽지않고, 그리고 블랙컬러라서 데일리로 신어도 좋은 운동화 입니다.",240,0,True,0,0,2026-03-19T16:07:11.000+09:00
83010997,5042974,5,"비가와서 사두고 아직 개시는 안했지만
후기도 좋고 매장에서 신어봤었는데 너무 가볍고 편했어요
얼른 러닝하고싶네요!",240,0,True,0,0,2026-03-17T12:56:13.000+09:00
82961798,5042974,5,정말 잘신거있어요 가볍고 편해서 러닝화 정착해써용,245,0,True,0,0,2026-03-15T09:00:54.000+09:00
82954494,5042974,5,"배송빠르고 무엇보다 너무 가벼워요
그리고 통풍도 잘되는거 같아요",240,0,True,0,0,2026-03-14T21:07:47.000+09:00
82952020,5042974,5,"배송도 빠르고 착화감이 좋습니다
그리고 무엇보다 엄청 가벼워요",240,0,True,0,0,2026-03-14T19:14:01.000+09:00
82940310,5042974,5,일상화로 신어도 편하고 일단 통통 튀는 느낌이라서 너무너무 편해요!,225,0,True,0,0,2026-03-14T09:56:14.000+09:00
82924390,5042974,5,"신발 너무 예뻐요
색도 맘에들고 착용감도 괜찮아요
얼른신고 뛰고싶네요",225,0,True,0,0,2026-03-13T15:04:31.000+09:00
82908910,5042974,5,"일단 가볍고 편해요. 뛸 때 미끄러운 느낌이 조금 있었는데 양말을 바꿔서 다시 뛰어볼께요
10km만 뛰어봤는데 좀 더 길게 뛰어봐야 겠어요.",240,0,True,0,0,2026-03-12T20:38:24.000+09:00
83891515,6246970,5,"일단 너무가볍고 다른 러닝화에 비해 데일리화 느낌이 좀더 납니다, 착화감 좋은데 바닥이 많이 말랑하진 않아요 그래서 더 좋습니다, 데일리+러닝화",275,0,True,0,0,2026-04-22T22:20:46.000+09:00
83928582,6246970,5,색감 디자인 착화감 너무 마음에 들어요! 구매 잘 한 거 같아요!,280,0,True,0,0,2026-04-24T13:19:37.000+09:00
83877697,6246970,3,신발자체는 이쁜데 일반적인 러닝화에 비에 살짝 둔탁하고 무거운 느낌이 약간있습니다.일반적인 아식스 운동화 정도?발등이 좀 쪼이는 느낌도 살짝있고 발볼은 좋은데 전체적으로 답답한 느낌은 있습니다.그래도 바닥제질이좋아 만족합니다.,255,0,False,0,0,2026-04-22T14:18:30.000+09:00
83870889,6246970,5,"디자인 너무 예쁘고, 색감이 너무 예뻐서 좋아요 완전 만족합니다",255,0,False,0,0,2026-04-22T09:05:33.000+09:00
83799659,6246970,5,정말좋아요 다들구매하세요 사이즈는 반업했어요,260,0,False,0,0,2026-04-19T15:20:43.000+09:00
83744736,6246970,5,우선 디자인이 맘에 들고 발을 안정적으로 잡아주어서 러닝이나 운동시에 매우 편함,250,0,False,0,0,2026-04-17T09:08:47.000+09:00
69740312,4298289,5,배송빠르게 잘받았어요~신발 가볍고 착용감 너무 좋습니다~265신는데 후기보고 반업해서 270구매했는데 딱 좋네요^^,270,1,True,0,0,2025-01-07T21:39:44.000+09:00
63932768,4298289,5,"사이즈는 발등,발볼높으면 1업이 답이네요. 반업은 너무 딱맞아서 불편했습니다. 잘신을게요. 이뻐여!",270,1,True,0,0,2024-08-18T21:29:57.000+09:00
71805064,4298289,5,신발 장시간걸어도 편하로 디자인도 이뻐서 만족하고 신고다니는편이에요,255,0,True,0,0,2025-03-06T12:36:47.000+09:00
71757619,4298289,5,제 사이즈가 없어서 10사이즈 크게 샀지만.. 엄청 가볍고 편합니다 넘넘 만족해요!!!,240,0,True,0,0,2025-03-05T00:03:36.000+09:00
71450863,4298289,5,진찌 발이 편하고 쫀쫀하게 걸을때 마다 붙어서 발에 부담도 덜해요. 디자인은 뭐 말할거 없이 이쁘고 너무 좋네요.,255,0,True,0,0,2025-02-23T15:52:32.000+09:00
71018472,4298289,5,"가볍고 엄청 편해서 거의 매일 신게
되요. 화이트도 있는데 겨울에 신으려고 하나 더삼. ㅎㅎ",240,0,True,0,0,2025-02-10T20:58:20.000+09:00
70567335,4298289,5,예쁩니다 볼이 작아서 업하는게 좋습니다 디자인 착용감 굿,290,0,True,0,0,2025-01-31T22:49:19.000+09:00
70123031,4298289,5,발 극도로 편하고 안전성을 느껴요 쿠션 정말 편안해서 오래 걸어도 안피곤하네요,285,0,True,0,0,2025-01-18T10:44:29.000+09:00
70102442,4298289,5,배송도 빠르고 착용감도 좋고 나름 만족스럽네요,255,0,True,0,0,2025-01-17T17:59:12.000+09:00
69965909,4298289,5,반업하니까 널널하고 편하네요 신발 신을때 발목을 잡아주니 안정감이 들어서 좋고 가벼워서 장시간 피로감도 덜할거 같아요,245,0,True,0,0,2025-01-14T09:51:53.000+09:00
69692377,4298289,5,편하고 좋습니다!! 평소 250 사이즈 신고 발볼 발등 보통인 사람인데 250 잘 맞아요!! 발등이 살짝 딱 맞긴 합니다,250,0,True,0,0,2025-01-06T17:37:22.000+09:00
69641911,4298289,5,편안하고 너무 푹신거리지도 안고 적당히 좋습니다  너무 비싸요..,255,0,True,0,0,2025-01-05T13:10:26.000+09:00
69588994,4298289,5,편하고 가볍습니다 할인을 못받아서 아쉽긴한데 편하니 좋네요,255,0,True,0,0,2025-01-03T21:30:04.000+09:00
69500017,4298289,5,"너무 예쁩니다
제 사이즈가 나와서 정말 행복해오
역시나 엄청 편하고 발목도 잘 잡아줘서 대만족이에오",280,0,True,0,0,2025-01-01T11:14:52.000+09:00
69237855,4298289,5,"선물했는데 좋아해서 매우 좋아요!
어제시키고 오늘왔어요!!쿠팡보다 ㅋㅋ 더하내여 ㅎㅎ
믿고사는 무신사!!! :) 
발이 생긴것보다 더 편하거 가볍대요!!
좋은 선물이 되었내요 ㅎㅎ",265,0,True,0,0,2024-12-23T20:42:53.000+09:00
69237822,4298289,5,"선물했는데 좋아해서 매우 좋아요!
어제시키고 오늘왔어요!!쿠팡보다 ㅋㅋ 더하내여 ㅎㅎ
믿고사는 무신사!!! :) 
발이 생긴것보다 더 편하거 가볍대요!!
좋은 선물이 되었내요 ㅎㅎ",265,0,True,0,0,2024-12-23T20:41:38.000+09:00
69052902,4298289,5,엄청 가볍네요 메쉬라 겨울엔 좀 춥습니다 쿠션감은 좋구요,275,0,True,0,0,2024-12-18T19:39:13.000+09:00
69052890,4298289,5,엄청 가볍네요 메쉬라 겨울엔 좀 춥습니다 쿠션감은 좋구요,275,0,True,0,0,2024-12-18T19:38:55.000+09:00
69034327,4298289,5,사이즈 반업하니 딱 맞네요 가볍고 편해서 좋습니다,270,0,True,0,0,2024-12-18T12:20:26.000+09:00
69002511,4298289,5,"생각 만큼 디자인 힙하고 아름다워요
나름 아저씨 느낌 잘어울리고 좋아요
착화감 굉장히 좋고 사이즈감도 발을 싹 감싸주니 좋습니다",285,0,True,0,0,2024-12-17T19:52:37.000+09:00
83843898,5360132,5,정사이즈로 샀는데 너무 잘산거 같아요 발볼도 불편함 없고 가벼워서 좋았어요,230,0,True,0,0,2026-04-27T20:18:55.000+09:00
83986800,5360132,5,실버 운동화 계속 찾고 있었는데 다들 뭔가 애매하던 찰나에 이게 눈에 들어왔어요. 실물이 색도 오묘하고 진짜진짜 예뻐요.,260,0,True,0,0,2026-04-26T22:53:04.000+09:00
83595462,5360132,5,생각보다 실물이 파란빛이 도는데 그게 맘에 듭니다! 실물이 더예쁘고 엄청 편하더라구요!! 추천합니다,260,0,False,0,0,2026-04-11T02:34:56.000+09:00
83030058,5360132,5,미즈노 신발 첫 구매인데 진짜 실물이 최곱니다!! 발도 완전 편해요,290,0,True,0,0,2026-03-17T23:34:59.000+09:00
80354410,5360132,5,색감이 너무 맘에 들고 편해요 흔하지 않아서 좋아요,275,0,False,0,0,2025-11-26T13:56:23.000+09:00
83980701,5888837,5,"이전에 신던 러닝화는 탄성이 좋은대신
발볼과 코가 짧아서 오래 뛰면 엄지발톱이 눌려서 아팠는데. 이 러닝화는 발볼과 엄지쪽까지
여유있어서 오래 뛰어도 발이 아프지 않고
매우 편하고 가볍네요!! 모양도 예쁘고
아직까지 때 타지 않고. 잘 신고있습니다.
가을엔 검정으로 한 번 더 살까해요^^",250,0,True,0,0,2026-04-26T19:12:24.000+09:00
83975466,5888837,5,"트레인 및 10km 정도 달리기용으로 구매
evo sl 추천도 있었지만 세일하길래^_^",245,0,True,0,0,2026-04-26T15:13:26.000+09:00
83942224,5888837,5,"매장에서 신어보고 정사이즈 구매했어요. 다른 러닝화는 240신는데 이것만 235신어요. 오늘 살짝 뛰어봤는데 반발력 적당한거같고 발바닥이 불편하지않아요. 
쿠션이 겉에서 만져봐도 말랑말랑하구 마시멜로같아요. 
발볼이 조금있는데 신발이 약간 좁아보여도 뛰는덴 지장없더라구요. 초보라 잘 모르겠음 ㅜㅜ
뛸때 불편하면 그냥 일상화로 신을려구 주문했는데 잘뛰어져서 만족합니다!! 14정도에 샀어요.",235,0,True,0,0,2026-04-24T23:58:57.000+09:00
83847170,5888837,5,"훈련화로 매우 좋음
아디제로 타쿠미센 아디프로 스트렁 다 보유 중인데 
부상 줄이는 단거리 트레이닝용으로는 보스턴 추천",245,0,True,0,0,2026-04-21T14:27:52.000+09:00
83812308,5888837,5,"발볼러들은 좀 불편할듯합니다.
긴 칼발이라 잘 맞아요
원래235-240신는데 240이 맞네요 
가볍고 괜찮아요",240,0,True,0,0,2026-04-19T22:59:55.000+09:00
83805165,5888837,5,"이쁩니다
카본화라 정말 가볍구요 러닝할때 잘 신어볼게요
올여름",240,0,True,0,0,2026-04-19T19:06:29.000+09:00
83163718,5888837,5,"편하게 잘 신었어요
디자인 성능 다 만족스럽ㄱ고 가벼워서 좋아요",245,0,True,0,0,2026-03-23T13:40:42.000+09:00
83738193,5888837,5,"진짜 평소에 트레킹화 신고 달렸더니 평균 페이스 7:20이었는데
러닝화 사자마자 6:10 됐어요 ; 그동안 왜 아무도 러닝화 사라고 안 함? 억울하네",250,0,True,0,0,2026-04-18T07:42:23.000+09:00
83518249,5888837,5,"데일리 트레이닝에 적합하게 내구성도 좋은데, 어느 정도 반발력도 있어 좋아요~",235,0,True,0,0,2026-04-07T22:40:09.000+09:00
83997406,5888837,5,"배송 당발이라 빨리받았어요
아디제로~굿 좋습니다",240,0,False,0,0,2026-04-27T12:46:46.000+09:00
83922242,5888837,5,"매우 가볍고 발목을 잘 잡아줌
생가보다 발볼도 넉넉해서 편함",245,0,False,0,0,2026-04-24T03:50:35.000+09:00
83719790,5888837,5,"학교에서 러닝배운다고해서 선물로 사줬는데, 맘에 들어 합니다. 운동을 딱히 좋아하진 않아서 안정감있는 거로 사줬어요.",245,0,False,0,0,2026-04-16T09:05:49.000+09:00
83397467,5888837,5,"아디다스 아디제로 보스턴 13 W 235 사이즈를 선물용으로 구매했는데, 디자인이 깔끔하면서도 기능성이 좋아 만족도가 높았습니다. 가벼운 무게 덕분에 장시간 착용해도 편하고, 쿠셔닝도 적당해서 러닝이나 일상 모두 활용하기 좋다고 합니다. 선물용으로 실용성과 디자인 모두 잡은 제품입니다.",235,0,False,0,0,2026-04-02T18:40:43.000+09:00
83397445,5888837,5,"아디다스 아디제로 보스턴 13 W 화이트/실버 230 사이즈를 선물했는데, 가볍고 착화감이 좋아서 운동할 때 정말 편하다고 합니다. 컬러도 깔끔해서 어떤 운동복에도 잘 어울리고, 러닝용으로 신기에 부담이 없다고 하네요. 발에 잘 밀착되는 느낌이라 안정감도 좋다고 만족해했습니다.",230,0,False,0,0,2026-04-02T18:40:14.000+09:00
83321611,5888837,5,가성비 너무 좋고 디자인도 예뻐요 정말 강력 추천합니다,255,0,False,0,0,2026-03-30T18:04:05.000+09:00
83604521,5888837,5,"와이프가 너무 좋아해요.
너무 잘달려진다고 합니다.",230,0,False,0,0,2026-04-11T16:10:00.000+09:00
83220950,3796833,5,"어머니 걷기 운동하실때 신으시라고 선물해 드렸습니다
발이 작고 얄상한 편이신데 많이 크지않고 편하고 좋다고 하시네요
아직 밖에 나가보진 않았지만 가볍고 좋은 거 같아요",BLU0_BLUE · 220,0,True,0,0,2026-03-25T21:36:24.000+09:00
77709283,3796833,5,매쉬 소재여서 여름에 통기성도 좋고 더운날에 잘 신고있어요,BLU0_BLUE · 235,0,True,0,0,2025-08-18T16:38:57.000+09:00
77188102,3796833,5,와이프 운동할 때 신으라고 선물했는데 이쁘고 가볍다고 좋아하네요. 저렴하게 잘 구입했습니다,BLU0_BLUE · 240,0,True,0,0,2025-07-27T21:33:50.000+09:00
59227924,3796833,5,딱 봄여름 시즌에 맞게 컬러도 화사하고 이뻐요～신발자체가 가볍고 착화감도 좋아요 너무 편하게 잘 신을거같아요!,BLU0_BLUE · 225,0,True,0,0,2024-05-11T13:46:44.000+09:00
77709381,3796833,5,색감도 여름용으로 잘 나와서 시원한 룩으로 신을 수 있어요,BLU0_BLUE · 250,0,True,0,0,2025-08-18T16:43:50.000+09:00
77300914,3796833,5,가벼우면서 쿠션감도 좋습니다.배송도 무지 빠르네요,BLU0_BLUE · 240,0,False,0,0,2025-07-31T21:15:18.000+09:00
59979948,3796833,4,배송빠르고 품질은 말할것도 없이 좋아요 무신사는 밑을만한 플랫폼이니까요,BLU0_BLUE · 255,0,False,0,0,2024-05-27T18:34:18.000+09:00
59223005,3796833,5,신발이 가볍고 착화감도 아주 좋아요～컬러도 화사한게 딱 여름에 신으면 이쁠거같아요!쿠폰까지 적용해서 저렴한 가격에 겟했습니다~전체적으로 너무 맘에 들어요!,BLU0_BLUE · 225,0,False,0,0,2024-05-11T11:58:22.000+09:00
83871992,5360123,5,"편하고 디자인도 이뻐서 어디든 잘 어울려요
특히 너무 가벼워서 오래 걸어도 발이 너무 편해요
사이즈는 발볼은 넓은데 길이는 정사이즈거나 살짝 작은거 같아요",250,0,False,0,0,2026-04-22T10:00:21.000+09:00
82836670,5360123,5,가볍고 편합니다  발볼넓게 나와서 불편하지 않네요,275,0,False,0,0,2026-03-09T20:51:47.000+09:00
83944920,5360123,5,"할인해서 샀어요 그
가격 만해요..무난하네여 고내찮아여",250,0,False,0,0,2026-04-25T07:11:01.000+09:00
78680200,5360123,4,"운동용이 아니라 데일리용으로 구매
점심먹고 간단히 산책 하기 가볍고 편함
가격 부담도 없이 휘뚜루마뚜르 신기 좋다 생각함
근데 가격이 싼만큼 외피 소재가 딱 그 가격 느낌으로 보임
근데 누가 발을 빤히 볼까요 색감 좋고 가격좋고 편하니 추천",280,0,False,0,0,2025-10-01T13:03:02.000+09:00
80518724,5360123,5,제가 신으려다가 좀 커서 엄마 선물해드렸는데 발볼이 넓어서 아주 마음에들어하시네여,235,0,False,0,0,2025-11-29T14:56:09.000+09:00
83643072,4171285,5,정사이즈 잘맞고 사진그대로 깔끔하니 예뻐요 편해서 데일리로 신기좋아요,(10)WHITE · 250,0,True,0,0,2026-04-13T10:11:01.000+09:00
83135486,4171285,5,나이키는 같은 사이즈여도 발볼이 좁은 느낌이면 뉴발은 훨씬 넉넉하네요. 뛰면서 발도 안 밀리고 좋았어요,(10)WHITE · 250,0,True,0,0,2026-03-22T09:53:17.000+09:00
82629520,4171285,3,"뉴발 530 을 신어보니, 가볍고 편해서.
런닝화 찾다가 이 제품을 구매 했어요~
봄이 다가 오니까, 하얀색을 신고 싶어서,
구매 했는데, 잘한거 같아오^^",(10)WHITE · 230,0,True,0,0,2026-02-28T16:07:41.000+09:00
81820151,4171285,5,"발바닥 신경통으로 약 복용 중이고, 무지외반증에 엄청난 칼발이며, 유연성 평발까지 있는 괴랄한 발의 소유자입니다. 이 때문에 아무 신발이나 못 신는데 뉴발란스가 확실히 신발을 잘 만드네요. 너무 푹신한 신발은 장기적으로 발에 좋지 않은데 적당히 반발력도 있고 쿠셔닝도 강하지 않아서 아주 좋습니다. 다만 아치를 잡아주는 기능은 전혀 없어서 따로 맞춤인솔 넣어 신고 있습니다. 디자인도 예쁘고 가성비 아주 좋네요.",(10)WHITE · 245,2,True,0,0,2026-01-23T14:23:42.000+09:00
81798509,4171285,5,처음에 오염있는거 와서 너무 열받았지만 교환해서 ㄱㅊ은거 받앗어요 엄청 가벼워서 잘 달릴수잇을거같음,(10)WHITE · 240,0,True,0,0,2026-01-22T13:46:50.000+09:00
79681777,4171285,5,엄니 선물해드렸는데 가볍고 편하다고 만족스러유ㅓ 하시네요.,(10)WHITE · 230,0,True,0,0,2025-11-08T12:27:51.000+09:00
78321886,4171285,5,착화감 가볍고 확실히 러닝할 때 도움이 됐어요. 걷기보다 뛸 때 더 가벼운 느낌이라 러닝을 좀 더 쉽고 재밌게 즐길 수 있어요..,(10)WHITE · 240,2,True,0,0,2025-09-15T11:03:59.000+09:00
78459270,4171285,4,"런닝화로 신으려고 구매했는데 너무 가볍고 편안해요
쿠션감도 좋아서 오래 뛰어도 발이 아프지 않아서 좋아요
잘 산듯합니다!!",(10)WHITE · 220,1,True,0,0,2025-09-21T16:18:41.000+09:00
75350691,4171285,4,디자인도 예쁘고 엄청 딱딱하지도 않아서 신기 좋아요,(10)WHITE · 240,1,True,0,0,2025-06-15T22:03:21.000+09:00
83950718,4171285,5,가격대비 디자인이나 편안한 거까지 다 너무 좋아여 그냥 아무거나 입고 신어도 무난하고 발이 너무 편함!!,(10)WHITE · 235,0,False,0,0,2026-04-25T13:37:45.000+09:00
83781351,4171285,5,딸에게 사줬더니 아주 편하고 가벼워서 좋다고 하네요,(10)WHITE · 240,0,False,0,0,2026-04-18T19:03:35.000+09:00
83776393,4171285,5,어디에나 잘어울려요 기본템으로 아주 좋아요 강추용,(10)WHITE · 250,0,False,0,0,2026-04-18T15:40:28.000+09:00
78389472,4171285,5,"러닝할때 신을 운동화를 찾다가
뉴발 런닝화를 발견하고 주문했습니다ㅎ
검정 런닝화만 신다가 새하얀 런닝화를 
신으니 밝고 예쁩니다!!ㅎ
신었을때 무게는 너~무 가볍습니다!!
달렸을때 쿠션감이 적당히 있어 
지면에 닿을때 충격도 크지 않고~
무엇보다 뛸때 정말 가벼워서
좋았네요~~!!^^",(10)WHITE · 230,0,True,0,0,2025-09-18T10:44:36.000+09:00
77904028,4171285,5,신발편하고 이뻐요 뉴발은 평타이상은하니까 사이즈만 맞으면 아무거나사도될거같아요,(10)WHITE · 240,0,True,0,0,2025-08-27T18:55:55.000+09:00
77479712,4171285,5,너무 마음에 들어요! 쿠션도 짱짱하고 제가 발볼이 넓어서 뉴발란스 신발이 편하더라고요.,(10)WHITE · 245,0,True,0,0,2025-08-07T17:47:09.000+09:00
77459975,4171285,5,선물드렸는데ㅜ너무 좋아하시고 편안하다합니다 준사람 받는분 모두만족할만한 상춤이었어요 사이즌 ㄴ5미리 큰게 나을듯하네요. 딱 좋아하네요..,(10)WHITE · 235,0,True,0,0,2025-08-06T21:44:06.000+09:00
77108515,4171285,5,"좋아요. 실내 러닝하기에 편한 것 같아요. 착화감도 좋고 발길이 24cm, 발볼 8cm에 240 사이즈 괜찮아요. 다 나쁘지 않은데 신발 상자가 파손되고 찢긴 종이 비닐로 포장된 건 좋지 않았어요. 반품된 제품을 받은 기분이었는데, 다행히 신발은 새 것 느낌이 나서 그냥 신어요",(10)WHITE · 240,0,True,0,0,2025-07-24T21:04:54.000+09:00
76653013,4171285,5,"정말 가볍고 발을 잘 잡아줘서 너무 좋아요! 일상에서도, 운동할 때도 신기 좋습니다!",(10)WHITE · 240,0,True,0,0,2025-07-09T20:33:39.000+09:00
76532090,4171285,5,가볍고 편해서 샀는데 무신사가 가장 저렴하네요,(10)WHITE · 240,0,True,0,0,2025-07-06T13:04:10.000+09:00
76138487,4171285,4,매장에서 보고 구입했어요 엄청 가벼워서 여름에 신기 좋아요,(10)WHITE · 245,0,True,0,0,2025-06-27T08:27:08.000+09:00
83908088,5173980,5,"발볼이 넓은편입니다!!
M255 아주 편하게  신는데
W255라 그건지 확실히 발볼이 좁아요
길이도 그냥 데일리화로 신기앤 괜찮은데
러밍하기엔 발끝이.살짝 딯아서 좀 불편합니다
그래도 가볍고 걷는데는 문제없어서 잘 신겠습니다",255,0,True,0,0,2026-04-23T16:22:17.000+09:00
83901193,5173980,5,편하고 예뻐서 좋아요  디른 색도 사고 싶어요  좋아요,250,0,True,0,0,2026-04-23T10:56:13.000+09:00
83862896,5173980,5,"러닝머신 하려고 샀어요 발목을 꽉 잡아주고
미끄럽지 않고 착화감도 아주가볍고 좋네요",245,0,True,0,0,2026-04-22T16:59:38.000+09:00
83867539,5173980,5,이거 신고 페이스가 엄청 줄었어요 !! 러닝화의 중요성을 알게 된 신발입니다 ㅠㅠ 착지할 때 불편함도 없고 발목이 아파서 러닝을 할 때마다 힘들었는데 이거 신으니까 발목도 덜 아파요 ! 보메로 너무 조아요 .. 🤍,245,0,True,0,0,2026-04-22T01:49:51.000+09:00
83862790,5173980,5,"정240사이즈인데 한사이즈 업했어요
245시켰는데 엄지 살짝 남는데 아주좋아요
첫날은 새신 신고 기분이 좋아서인지 완전
발이 너무 가볍고 좋더라구요~
굿입니다!!",245,0,True,0,0,2026-04-21T22:42:06.000+09:00
83806751,5173980,5,"신이 가볍고 쿠션감이 좋아용
러닝화는 처음 사보는데 확실히 푹신푹신 하네용 
얼른 신고 뛰어보고싶어요
디자인도 이뻐용ㅎ",230,0,True,0,0,2026-04-19T20:11:09.000+09:00
83787651,5173980,5,러닝 목적으로 구입했어요. 뉴발 1080 신고 있는데 신은 느낌은 비슷한데 이 제품이 조금 더 가벼워요. 후기대로 조금 작게 나왔다고 해서 보통 240 신는데 245로 주문했고 잘 맞네요.,245,0,True,0,0,2026-04-18T23:24:47.000+09:00
83744836,5173980,5,디자인도 예쁘고 굽도 높아서 예쁘고요 쿠션감도 좋네요,235,0,True,0,0,2026-04-17T15:32:55.000+09:00
83744567,5173980,5,"푹신푹신한 착화감이 너무 좋아요
발볼과 넓이도 좋아요",235,0,True,0,0,2026-04-17T08:57:53.000+09:00
83717483,5173980,5,깔끔하고 쿠션감도 좋습니다. 러닝화로 좋을 것 같아요 추천합니다.,245,0,True,0,0,2026-04-16T02:38:03.000+09:00
83649887,5173980,5,러닝 입문자용으로 구입했어요 반치수 크게 주문했구요 그렇게 크지도 않고 적당합니다 쿠션도 좋고 가벼워서 좋네요 열심히 달려보려구요^^,245,0,True,0,0,2026-04-13T16:34:54.000+09:00
83698989,5173980,4,임산부라 한치수 크게 샀는데 살짝커요. 편하고 젛아요,250,1,True,0,0,2026-04-15T14:23:37.000+09:00
76988200,5173980,5,런닝화는 처음 사보는데 확실히 다른 것 같아요 페가수스보다 쿠션이 더 많아서 통통잘튀어요. 발목도 잘 잡아줘서 만족합니다!,245,3,True,0,0,2025-07-21T00:30:55.000+09:00
83781593,5173980,5,엄마사드렸는데 편하다구하네요 잘신을거같아요,240,0,True,0,0,2026-04-18T19:12:41.000+09:00
83672402,5173980,5,첫 러닝화에용 러닝화가 예뻐서 평상시에도 잘 신고있어요,225,0,True,0,0,2026-04-14T16:01:21.000+09:00
78083779,5173980,5,"쿠션이 높고 푹신해서 발이 편해요. 
러닝화 말고 일상화로도 잘 신을 수 있을 것 같아요.",240,1,True,0,0,2025-09-04T12:30:03.000+09:00
77589814,5173980,5,좋아요 엄청 푹신해요 발볼은 넓지는 않아서 235-240 신는데 245시켰어요,245,1,True,0,0,2025-08-12T16:23:32.000+09:00
83967503,5173980,5,"러닝화는 나이키만신게 되네요^^
디자인 깔끔하고 쿠션도 괜찮아요~",240,0,False,0,0,2026-04-26T04:28:00.000+09:00
83733553,5173980,5,굽이높아서 신발신고 일어날때 조심해야겠어요.디자인예쁘고 쿠션도좋아요,235,0,False,0,0,2026-04-16T19:55:19.000+09:00
78354902,5173980,4,할인받아 구매해서 와이프 선물로 줬는데~~ 폭신하니 편하고 좋대요~~~^^,245,0,True,0,0,2025-09-16T22:07:48.000+09:00
83669539,3863542,4,운동 할 때 신으면 되게 잘 어울리는 그런 스타일이에요. 디자인도 예쁘고 착용감도 나쁘지 않아서 만족합니다.,280,1,True,0,0,2026-04-14T13:55:03.000+09:00
83669474,3863542,4,일단 디자인과 가격이 마음에 들어서 샀는데 직접 받아 보니까 디자인이 되게 유니크하고 예쁘다는 생각이 들었어요. 착화감은 다른 비싼 신발 보다는 조금 별로지만. 그래도 이정도면 가격대비 꽤나 만족합니다.,280,1,True,0,0,2026-04-14T13:50:55.000+09:00
83820589,3863542,5,"운동화 잘 받았어요!

가격도 부담 없고 착화감도 정말 편해서 만족스럽네요. 파란색 조합이 깔끔해서 어떤 스타일에도 잘 어울리는 것 같아요. 전체적으로 아주 만족스러운 구매였습니다",275,0,True,0,0,2026-04-20T10:30:30.000+09:00
83820559,3863542,5,"운동화 잘 받았어요!

가격도 부담 없고 착화감도 정말 편해서 만족스럽네요. 파란색 조합이 깔끔해서 어떤 스타일에도 잘 어울리는 것 같아요. 전체적으로 아주 만족스러운 구매였습니다",275,0,True,0,0,2026-04-20T10:29:17.000+09:00
83376696,3863542,4,"재구매 신발입니다.
신고 보니 가격 대비 너무 좋아서 2컬레 더 구매합니다",280,0,True,0,0,2026-04-01T21:49:42.000+09:00
83350925,3863542,5,"핏 딱 되고 
가볍고  
딱 조아오 마라톤 나갈려고 샀음 굿 추천",230,0,True,0,0,2026-03-31T23:05:21.000+09:00
82917376,3863542,5,"볼이 작게안나와서 너무좋았습니다
길이보다는 볼에 맞혀야하는데 평상시 신는 사이즈 딱좋아요
색상도이쁘고  어디에다가 코디해도 다이쁨니다
봄.여름신기 좋을듯요",270,0,True,0,0,2026-03-17T15:44:54.000+09:00
82917363,3863542,5,"런닝할때  가볍게 신고다니는데 너무좋아요
신발을 볼에 맞혀서 신는데 불편한거없이 좋습니다",270,0,True,0,0,2026-03-13T08:08:14.000+09:00
82272316,3863542,5,가성비 너무 좋게 구매하였고 전투용으로 자주 잘 신고 있네요,265,0,True,0,0,2026-02-14T22:10:19.000+09:00
82112066,3863542,5,"친구가 사서 따라샀습니다
편하고 좋아요 강추입니다",270,0,True,0,0,2026-02-07T19:11:03.000+09:00
81135855,3863542,5,상품 받고 신어보니 착용감이 좋아 편하고 좋네요,270,0,True,0,0,2025-12-20T14:48:56.000+09:00
80410704,3863542,5,"반사이즈 업해서 구매했는데 잘 맞았습니다
발볼이 큰편인분들은 반~한업 하시는걸 고려해보면
도움될거같습니다",270,0,True,0,0,2025-11-27T10:58:35.000+09:00
80404273,3863542,4,파랑색 라인 디자인이 조금 과하나 신다면 신다보면 포인트가 될듯 합니다,280,0,True,0,0,2025-11-27T08:02:06.000+09:00
83347494,3863542,5,실내 운동용으로 구입했는데 편하고 쿠션도 있어서 좋아요.,275,0,False,0,0,2026-03-31T21:29:47.000+09:00
82112077,3863542,5,"제가 샀는게 친구가 똑같은거 사서 화납니다
근데 편해요",280,0,True,0,0,2026-02-07T19:11:42.000+09:00
69048663,3863542,4,좋아요 파란색이랑 은색 포인트가 있어서 맘에 들어요,270,1,True,0,0,2024-12-18T18:06:01.000+09:00
58204395,3863542,5,"다른브랜드식상해서,오랜만에리복신발중에맘에드는프리미어로드플러스구입했어요.
색상때문에무지고민했는데,블루색깔이쁩니다.
아웃솔도흰색아니고살짝에이징된느낌의색이구요.매쉬부분도새하얗진않고,살짝그레이느낌이에요.

사이즈업하란얘기가많은데,평소에발등이높은편이아니면,정사이즈로충분할것같아요.
평소아식스265신어서..270도편하지만,265도충분했을것같아요.발볼이좁다기보단신발입구랑,발등이좀타이트하네요.
신발무지가볍고,블루이쁩니다.
와이드핏보다는,통이적당한스트레이트핏바지나,파라슈트팬츠랑잘어울릴것같아요",270,1,True,0,0,2024-04-19T21:20:49.000+09:00
58204321,3863542,5,"다른브랜드식상해서,오랜만에리복신발중에맘에드는프리미어로드플러스구입했어요.
색상때문에무지고민했는데,블루색깔이쁩니다.
아웃솔도흰색아니고살짝에이징된느낌의색이구요.매쉬부분도새하얗진않고,살짝그레이느낌이에요.

사이즈업하란얘기가많은데,평소에발등이높은편이아니면,정사이즈로충분할것같아요.
평소아식스265신어서..270도편하지만,265도충분했을것같아요.발볼이좁다기보단신발입구랑,발등이좀타이트하네요.
신발무지가볍고,블루이쁩니다.
와이드핏보다는,통이적당한스트레이트핏바지나,파라슈트팬츠랑잘어울릴것같아요",270,3,True,0,0,2024-04-19T21:19:17.000+09:00
65823658,3863542,5,발 진짜 편하네요 가성비 좋게 마련햇습니다 흔치 않아서 조아요,245,0,True,0,0,2024-10-21T19:21:13.000+09:00
60296946,3863542,5,신발 가볍고 여름에 파란색 들어간 신발사고싶어서 사봤는데 편하고 좋아요,240,0,True,0,0,2024-06-03T13:47:50.000+09:00
83444141,4852386,4,"평소230 신는데 정사이즈 같아요.발볼 넓으신분들도 편하게 신을수 있으며 접지력도 매우 좋고 메시 소재로 여름철에도 시원하게 신을수있습니다.
상당히 가볍습니다.",IVORY · 230MM,0,True,0,0,2026-04-13T13:58:19.000+09:00
83895211,4852386,5,엄마 봄여름 신발 없어서 주문해 드렸는데 넘넘 맘에 들어 하셔요!!!! 예쁘다고 계속 신고 계시네욬ㅋㅋ,IVORY · 230MM,0,True,0,0,2026-04-23T00:33:23.000+09:00
82950022,4852386,5,엄청 가벼워요! 그냥 가성비로 헬스장 러닝머신뛸때 신으려고 산건데 가볍고 좋아요! 운동화 235신는데 정사이즈 추천!!,IVORY · 235MM,1,True,0,0,2026-03-14T17:42:52.000+09:00
82187588,4852386,5,알바하면서 계속 서 있으니까 빌이 쉽게 피로해지더라구요. 그러다가 운동화 세일하길래 바로 겟! 저는 한치수 크게 샀는데 정사이즈여도 넉넉할 것 같더라구요. 눈길에도 미끄러짐 없었고 가벼워서 오래 신어도 편하고 좋았어용~~헤헤 글고 메쉬로 되어있어서 통풍도 잘 됨!,IVORY · 255MM,1,True,0,0,2026-02-21T21:30:36.000+09:00
79716387,4852386,5,"제가 평발쪽이고 발볼이 넓어서 그런지 웬만한 운동화들은 발이 다아픈데
이건 안아퍼서 운동하거나 자주 걸어다녀야할때 많이 신어요!
색도 무난무난하니 잘신을듯
10키로마라톤 뛰고 발안아팠움",IVORY · 250MM,4,True,0,0,2025-11-09T23:46:24.000+09:00
80266175,4852386,5,"운동화 색깔이 예상이라는 달랐어요
하영색보다는 아이보리 색에 가까워서 사실때 참고하세요",IVORY · 250MM,3,True,0,0,2025-11-24T22:13:36.000+09:00
83285659,4852386,5,노스페이스 신발은 처음인데요. 생각보다 쿠션감도 좋고 데일리로 자주 신게 되더라구요. 디자인도 괜찮았어요. 다음에 할인들어갈때 또 사야겠어요. 좋아용,IVORY · 240MM,0,True,0,0,2026-03-28T21:54:11.000+09:00
83216400,4852386,5,가볍고 편하고 이뻐요!! 아직 밖에서 신어보진 않았지만 대충 걸었을깨 괜찮은것같아요,IVORY · 235MM,0,True,0,0,2026-03-25T19:02:00.000+09:00
83022192,4852386,5,"이 신발은 디자인도 예쁘고 착화감이 정말 편안해요. 오래 걸어도 발이 아프지 않고, 색상도 화면 그대로라 만족합니다.",IVORY · 240MM,0,True,0,0,2026-03-17T20:18:21.000+09:00
82662860,4852386,5,"가벼운 무게감,편안한 착용감 스타일까지 모두 맘에들어요~^^",IVORY · 230MM,0,True,0,0,2026-03-02T00:38:36.000+09:00
82610562,4852386,5,"운동화가 딱딱하지않아서 좋아요.딱딱한운동화신고 운동하니 아킬레스건쪽이 너무아파서 운동화바꾸려고 샀는데 마침 사이즈 하나 남은거 빨리 구매했는데 너무 편하고 좋아요
럭키비키!!",IVORY · 250MM,0,True,0,0,2026-02-27T18:47:42.000+09:00
82500050,4852386,5,"발볼도 편하구요  무겁지않아서 좋네요.
가볍고 신어봤는데 편해요
좋아요",IVORY · 240MM,0,True,0,0,2026-02-23T21:38:01.000+09:00
82218948,4852386,4,무게가 가벼울거라 생각했는데 막 생각한만큼 가볍지는 않아요 ㅎㅎ 그리고 생각보다 발바닥 부분이 딱딱하더라구요 보이는거랑 좀 느낌이 달랐습니다 그치만 가격이 싸서 괜찮은거같아요,IVORY · 250MM,0,True,0,0,2026-02-12T18:44:49.000+09:00
77763371,4852386,5,사진은 예쁜데 실물은 좀 안예쁨. 근데 또 신으면 괜찮음. 멀리서 보면 예쁘고 자세히 보면 웃김. 폭신폭신 편하고 신발도 끈도 재질이 발을 꽉 쪼이는 느낌이 아니고 발을 샥 감싸듯 부드러워요. 굿,IVORY · 250MM,6,True,0,0,2025-08-20T22:53:44.000+09:00
80917166,4852386,5,"발볼이 넓은 235라서 항상 240사이즈 사는데
이거는 볼이 넉넉하게 나와서 그냥 원래사이즈로 사도 될거같아요~
근데 신발이 박스가 아닌 비닐에 담겨오는건 크록스 말고 처음임...그건좀 그래요 ㅠ
다음엔 정사이즈로 구매예정!",IVORY · 240MM,1,True,0,0,2025-12-11T16:45:05.000+09:00
80874501,4852386,5,"너무 가볍고 좋아용!
헬스장에서 런닝 할때 신으려고 샀어요~ 
정말 잘 산것 같아요",IVORY · 230MM,0,True,0,0,2025-12-10T09:29:24.000+09:00
81396435,4852386,5,런닝화라 가볍고 편한데 겨울에는 바람이 슝슝 들어와서 추워요. 여름 혹은 실내용 운동화로 추천,IVORY · 245MM,0,True,0,0,2026-01-02T12:45:50.000+09:00
81293633,4852386,5,푹신할거란 기대와 다르게 밑창는 좀 딱딱한 느낌입니다. 그런데 발은 안아파요! 신을만 하고 디자인이 예쁘네요. 아이보리에 실버가 은근 잘 어울려요 정사이즈로 신으면 될 거 같아요 좋습니다.,IVORY · 230MM,0,True,0,0,2025-12-27T23:39:08.000+09:00
81092035,4852386,5,쿠션감 좋고 흰색이 아닌 아이보리가 섞여있어서 당황했지만 신다보니 괜찮았어요,IVORY · 230MM,0,True,0,0,2025-12-18T13:46:31.000+09:00
80944412,4852386,5,키가 커보이고 신발이 편해요 발볼 넓은 사람들이 신으면 더 좋을것같아요,IVORY · 230MM,0,True,0,0,2025-12-12T15:26:46.000+09:00
74102720,4344805,5,처음엔 푹신하고 걷기 편했는데 비오는 날에 미끄러지기 너무 쉬워요 발목 접지를 뻔 했는데 오래(만 보 이상) 걷기는 힘들 것 같아요,250,5,True,0,0,2025-05-12T13:26:06.000+09:00
74104964,4344805,5,푹신한데 발볼이 좀 좁은 신발이라 제대로 안 걷는 사람들은 발목이 잘 꺾여요,250,3,True,0,0,2025-05-12T14:40:44.000+09:00
81838350,4344805,5,일단처음으로 쿠션이 다른신발착용감보다 다르다고 느꼈어요 정말 가성비 고급신발이라 생각해요,270,0,True,0,0,2026-01-24T13:48:12.000+09:00
81838301,4344805,5,디자인도 무난해서 이쁘고 안쪽이 갈색이라 뭔가 고급진느낌도 있습니다,270,0,True,0,0,2026-01-24T13:46:00.000+09:00
81463942,4344805,5,운동할 때 신으려고 산건데 그럭저럭 괜찮습니다 저렴해서 좋았어요,230,0,True,0,0,2026-01-05T16:39:45.000+09:00
81463930,4344805,5,저렴해서 구매했어요 운동할때쓰려고 샀는데 그럭저럭 괜찮습니다 발 패드쪽이 좀 미끄러운것빼고는...,230,0,True,0,0,2026-01-05T16:38:54.000+09:00
81434328,4344805,5,"신발이 예쁘고 착용감도 무겁지 않아
운동할 때 좋습니다 또한 오래 신어도 아프지 않아요",280,0,True,0,0,2026-01-04T01:13:04.000+09:00
79554566,4344805,5,가볍고 색상 및 디자인이 튀지 않아서 옷과 매치하기도 쉬워요.,230,0,True,0,0,2025-12-11T17:03:25.000+09:00
80837496,4344805,5,"미끄럼도 없으며 여러활동할때도 신기 편해요. 
고프코어느낌의 신발찾으시는 분들에게 추천해요",280,0,True,0,0,2025-12-08T23:10:48.000+09:00
79406201,4344805,1,"발바닥 높이 짝짝이에요.
막 신으려고 구매한거지만
짝짝이가 심해서 이런 수평 심각함 처음이에요",260,2,True,0,0,2025-10-28T21:46:11.000+09:00
77266026,4344805,5,발바닥이 편안해서 오래 걸을 수 있어 좋아요 잘신을게요~,270,2,True,0,0,2025-07-30T17:14:22.000+09:00
83868779,4344805,4,비 오는 날 여러 번 죽을 뻔햣어요 실내 헬스용 추천,240,0,True,0,0,2026-04-22T06:27:01.000+09:00
76611460,4344805,5,"검정색 신발 필요해서 샀는데
찐한 검정이여서 좋고
무엇보다 쫙 잡아주는 안감과
바닥에 쿠션감이 매우 좋아요.
사이즈 좀 널 널한거 좋아하심
제가 255 -260와따갔다하는데
260이 딱 감아주더라고요. 참고하세요.",260,1,True,0,0,2025-07-08T18:48:29.000+09:00
83909131,4344805,5,런닝을 자주 뛰는 게 아니라 가끔씩 뛰어서 런닝화를 살까 말까 고민하고 있었는데 세일하길래 가성비 좋게 구매했어요! 신고 뛰어보니까 확실히 발이 가벼워서 좋은 것 같아요,240,0,False,0,0,2026-04-23T17:08:53.000+09:00
83666169,4344805,5,핼스장에서 신을려고 샀는데 편하고 가볍고 좋아오,260,0,False,0,0,2026-04-14T10:49:13.000+09:00
79053489,4344805,5,"신발 밑창에 쿠션이 있어서 매우 푹신합니다. 가격대비 디자인이 생각보다 깔끔해서 놀랐구요, 무엇보다 상자가 정말 예쁩니다.",260,0,True,0,0,2025-10-16T01:46:20.000+09:00
79010877,4344805,5,가격 대비 너무가볍고 적당한 쪼임감에 놀랬어요,270,0,True,0,0,2025-10-14T22:22:38.000+09:00
75536533,4344805,2,신발 앞뒤차가 있어서 하이힐이나 키높이 깔창을 신은 느낌이네요. 착용감은 괞찮은데 쿠션이 딱딱하네요.,270,0,True,0,0,2025-06-18T18:57:26.000+09:00
75182699,4344805,5,발볼있으면 5업하면좋아요.맘억듭니당~^^무신사에서싸게겟하네요.,240,0,True,0,0,2025-06-11T00:58:20.000+09:00
73852316,4344805,4,신발이 편하고 좋아요 자주 신고 다닐꺼 같아요 푹신푹신해요,240,0,True,0,0,2025-05-05T13:31:52.000+09:00
82333277,4441361,5,"착용감
	•	신발이 가벼워서 장시간 착용해도 발에 피로감이 적습니다.
	•	발을 적당히 감싸주는 핏으로, 걸을 때 안정감 있으면서도 편안합니다.
	•	고무 아웃솔이 충격 흡수가 좋아 울퉁불퉁한 지형에서도 안정적인 보행을 도와줍니다.
	•	가벼운 등산, 트레킹, 캠핑, 장거리 워킹에 적합합니다.
	•	깔끔한 디자인과 매치하기 쉬운 컬러 덕분에 데일리 아웃도어 슈즈로도 활용 가능합니다.",B-4라이트그레이 · 240,0,True,0,0,2026-02-18T13:43:38.000+09:00
83009413,4441361,5,쿠션감이 너무 좋고 발이 편해서 엄청 자주 신어요 ! 허리디스크 증상도 이거 신고 덜 한 거 같기도해요,B-1블랙 · 250,0,True,0,0,2026-03-17T11:08:49.000+09:00
80857623,4441361,4,"러닝하려고 구매했어요
러닝화는 항상 반업해요
달리다보면 발가락이 붓더라구요
살짝여유있게 사니 편하고좋네요",B-1블랙 · 245,1,True,0,0,2025-12-09T19:10:18.000+09:00
77722173,4441361,4,너무 편하네요~와이드라 발볼넓어도 낭낭하고 블랙이라 런닝외에도 데일리로 신고 다녀도 좋을거같아요.사이즈는 반 더운 하시는게 나을거 같아요~ 커요. 그치만 스포츠 같은 두꺼운 양말신음 그냥저냥 맞을거 같아요.,B-1블랙 · 245,3,True,0,0,2025-08-19T09:30:56.000+09:00
80880287,4441361,3,"러닝할때 신으려고 구매했어요
생각보다 무게감있어서 오래뛰긴 무리가가네요
간단하게10키로  뛰긴 괜찮았어요",B-1블랙 · 245,0,True,0,0,2025-12-10T13:36:40.000+09:00
79649936,4441361,5,실내운동용으로 구입했어요..발볼은 넓고 편한데 엄지발가락이  닿아요..블랙사고싶었는데 없더니 주문하고나니 재고가 뜨는..  텍을 뜯어버려서 걍 신었어요..,B-4라이트그레이 · 235,0,True,0,0,2025-11-06T21:44:03.000+09:00
79246478,4441361,4,런닝화로 괜찮아요. 발이 불편하지않고 쿠션감도 좋아요 하지만 돌이ㅜ한개씩 끼는것만 감안하면 금액도 좋고 편하고 일상 데일리 화로도 좋아요.,B-1블랙 · 245,1,True,0,0,2025-10-22T23:31:11.000+09:00
78144941,4441361,5,엄마가 족저근막염이 있어서 이게 편하다고 해서 구매했어요 푹신하고 아웃솔도 높아서 일단 보기에는 만족스럽네용,B-1블랙 · 230,1,True,0,0,2025-09-07T01:00:06.000+09:00
79209041,4441361,5,런린이 선물해줫는데 맘에들어하고 색도 너무이쁘다네여 딴것보다 배송이 진짜빨라서 놀랏어요~,B-4라이트그레이 · 240,0,True,0,0,2025-10-21T20:57:38.000+09:00
78927994,4441361,5,디자인도 깔끔해서 마음에들고 착용감이 진짜 좋아요!! 런닝하려고 샀는데 너무 맘에들어욥,B-1블랙 · 250,0,True,0,0,2025-10-12T13:15:32.000+09:00
78927964,4441361,5,"원래 그냥 아무 운동화 신고 런닝했는데 
이거는 쿠션감이 좋아서 무릎이 안아파요!! 진작살걸 그랬어요",B-1블랙 · 250,0,True,0,0,2025-10-12T13:14:35.000+09:00
78328229,4441361,5,세일 할 때 가성비 좋게 구매했습니당 런린이도 부담되지 않는 가격! 바닥이 예쁩니다 통통 가볍고 좋아요~!,B-1블랙 · 240,0,True,0,0,2025-09-16T17:51:02.000+09:00
78218321,4441361,5,런닝화 필요했는데 세일덕에 더욱 가성비가 좋은 런닝화를 로켓배송으로다가 받아볼 수 있어서 기쁩니다 밑창이 주황일거라고생각도못했는데 ㅋㅋㅎ 암튼 가볍고 통통조아요 정사이즈 잘맞아유,B-1블랙 · 240,0,True,0,0,2025-09-10T15:26:55.000+09:00
78094068,4441361,5,무지외반이 있어서 편한 신발을 찾아보는 와중에 사게 되었어요! 일단 쿠션감이 있어서 신었을때 편한거 같아요~ 밑창에 있는 보라색도 포인트되서 예쁘네요~,B-1블랙 · 250,0,True,0,0,2025-09-04T20:25:27.000+09:00
77270343,4441361,5,바닥이 폭신폭신하고 좋아요 밑창 보라색 귀여워,B-1블랙 · 240,0,True,0,0,2025-07-30T19:48:42.000+09:00
82434019,4441361,5,스위스 트래킹가려고 구매 다녀와서후기다시. .  가벼워서 일단 합겹요,B-4라이트그레이 · 250,0,False,0,0,2026-02-21T19:36:53.000+09:00
81699304,4441361,5,착용감 편하고 디자인 깔끔해서 데일리로 신기 좋아요 가볍고 안정감 있어요,B-1블랙 · 230,0,False,0,0,2026-01-17T10:16:21.000+09:00
79896608,4441361,5,블랙 밑창이 톤다운된 보라색인데 이게 진짜 예쁩니닷. 런닝화지만 놀러 다닐 때 맨날 신고 다닙니닷. 좀 크게 나왔다는 후기가 있었는데 발볼넓고 꽉250에 평발인 저한테는 딱 맞았습니닷. 산길을 4시간 걸어다녔는데 발바닥이랑 종아리가 하나도 피로하지 않아서 감동받고 후기 쓰러 왔어요 너무 편해요 추천!!!,B-1블랙 · 250,0,False,0,0,2025-11-17T17:55:52.000+09:00
76611725,4441361,4,신어보고 좋아서 어머니 선물해드렸어요 쿠션감이 엄청 좋아서 평발에 무지외반증 있으신 분들도 신기 좋은 것 같습니다.,B-1블랙 · 240,1,False,0,0,2025-07-08T18:56:54.000+09:00
76486024,4441361,5,쿠션감 너무 좋아요 가볍게 러닝할때 신는중인데 완전 마음에 듭니다 ㅎㅎ 사계절 내내 신기 좋을 것 같아요,B-1블랙 · 235,1,False,0,0,2025-07-04T23:23:50.000+09:00
83260329,5982685,5,"요즘 러닝에삐져서 유튜브로 찾아보다 구매했는데 쿠션도 푹신하고 디자인도 이쁜거같아요 ㅎㅎ
운동 열심히 하겠습니다!",220,0,True,0,0,2026-03-27T17:39:06.000+09:00
83219267,5982685,5,러닝머신 뛰려고 하는데 마땅한 신발이 없어서 구매했어요 왕초보 운동러들에게 추천합니다 반업 했고 쿠션감 좋아요,245,0,True,0,0,2026-03-25T20:39:54.000+09:00
82634827,5982685,5,와이프 러닝한다고해서 샀어요 예뻐요 만족해요,245,0,True,0,0,2026-02-28T20:04:10.000+09:00
83858266,5982685,5,매우 편안하고 쿠션감이 좋아서 가벼운 러닝이나 헬스할때 좋아요. 블랙색상이 여기저기 매치하기 좋아서 기본템으로도 추천드려요!,225,0,False,0,0,2026-04-21T20:56:39.000+09:00
83260430,5982685,5,"제기 키가 작은데 키높이도 되고 되게 푹신하네요 ㅎㅎ
운동 열심히하겠습니다!",220,0,True,0,0,2026-03-27T17:43:40.000+09:00
83159133,5982685,4,신자마자 푹신하고 발이 편안함을 느끼는 신발입니다!!,240,0,False,0,0,2026-03-23T09:13:17.000+09:00
82962073,5982685,5,일단 무게가 가볍고 쿠션감이 느껴져서 러닝 할 때 좋을 것 같습니다 가볍게 러닝 시작해보려고 샀는데 잘 쓸 것 같습니다,245,0,False,0,0,2026-03-15T09:24:55.000+09:00
82793183,5982685,5,아주아주 마음에 듭니다 생각보다 편하고 모양도 예뻐서 자주 신고나갈거같아요,245,0,False,0,0,2026-03-07T21:16:59.000+09:00
83315298,5982685,5,발 중간부분이 저한테는 좁아서 안쪽에 물집 잡혔어요 ㅋ,240,0,False,0,0,2026-03-30T11:32:39.000+09:00
83075810,5982685,5,그냥 무난하게 운동할 때 신기좋은 것 같아요 막 신고 운동할고임,250,0,False,0,0,2026-03-19T18:06:15.000+09:00
